MasterID,WeekNumber,CollectionDate,SRR,GenSex,GenStock,BioScaleFinalAge,BioSamplesID,SpawnYear,LGDFLmm,GenRear,LGDLifeStage,GenStockProb,GenParentHatchery,GenBY,GenRun,LGDMarkAD,Rear,MPG,fwAge
665733,14,2025-03-31,32W,M,GRROND,2:0,25-70039,MY2025,175,U,JV,0.622,NA,NA,NA,AI,W,GRROND,2
665830,15,2025-04-10,32W,F,SFCLWR,2:0,25-70136,MY2025,179,U,JV,0.693,NA,NA,NA,AI,W,CLRWTR,2
665848,15,2025-04-11,32W,M,LSNAKE,4:0,25-70154,MY2025,256,U,JV,0.535,NA,NA,NA,AI,W,LSNAKE,4
666125,18,2025-05-02,32W,M,MFSALM,2:0,25-70432,MY2025,186,U,JV,0.999,NA,NA,NA,AI,W,SALMON,2
666141,18,2025-05-02,32W,M,MFSALM,2:0,25-70448,MY2025,165,U,JV,0.459,NA,NA,NA,AI,W,SALMON,2
665858,16,2025-04-14,32W,M,LOSALM,3:0,25-70165,MY2025,186,U,JV,0.333,NA,NA,NA,AI,W,SALMON,3
666015,17,2025-04-24,32W,M,GRROND,3:0,25-70322,MY2025,207,U,JV,0.868,NA,NA,NA,AI,W,GRROND,3
665856,16,2025-04-14,32W,F,MFSALM,3:0,25-70163,MY2025,188,U,JV,0.889,NA,NA,NA,AI,W,SALMON,3
665742,14,2025-03-31,32W,M,IMNAHA,3:0,25-70048,MY2025,211,U,JV,0.956,NA,NA,NA,AI,W,IMNAHA,3
665724,14,2025-03-31,32W,M,UPCLWR,2:0,25-70030,MY2025,178,U,JV,0.998,NA,NA,NA,AI,W,CLRWTR,2
666206,19,2025-05-05,32W,F,GRROND,2:0,25-70513,MY2025,185,U,JV,0.331,NA,NA,NA,AI,W,GRROND,2
666223,19,2025-05-06,32W,F,GRROND,2:0,25-70530,MY2025,168,U,JV,0.451,NA,NA,NA,AI,W,GRROND,2
665765,14,2025-04-02,32W,F,UPCLWR,3:0,25-70071,MY2025,210,U,JV,0.999,NA,NA,NA,AI,W,CLRWTR,3
666248,19,2025-05-07,32W,F,SFCLWR,2:0,25-70555,MY2025,174,U,JV,0.999,NA,NA,NA,AI,W,CLRWTR,2
664475,20,2025-05-13,32W,NA,NA,NA,NA,MY2025,163,NA,JV,NA,NA,NA,NA,AI,W,NA,NA
665827,15,2025-04-10,32W,M,GRROND,2:0,25-70133,MY2025,275,U,JV,0.415,NA,NA,NA,AI,W,GRROND,2
664474,20,2025-05-12,32W,NA,NA,NA,NA,MY2025,169,NA,JV,NA,NA,NA,NA,AI,W,NA,NA
664481,22,2025-05-26,32W,NA,NA,NA,NA,MY2025,159,NA,JV,NA,NA,NA,NA,AI,W,NA,NA
665897,16,2025-04-15,32W,F,LSNAKE,2:0,25-70204,MY2025,182,U,JV,0.501,NA,NA,NA,AI,W,LSNAKE,2
665841,15,2025-04-11,32W,F,GRROND,2:0,25-70147,MY2025,182,U,JV,0.856,NA,NA,NA,AI,W,GRROND,2
665837,15,2025-04-11,32W,F,GRROND,2:0,25-70143,MY2025,169,U,JV,0.937,NA,NA,NA,AI,W,GRROND,2
666089,18,2025-04-30,32W,F,UPCLWR,2:0,25-70396,MY2025,185,U,JV,0.979,NA,NA,NA,AI,W,CLRWTR,2
665986,17,2025-04-22,32W,M,GRROND,2:0,25-70293,MY2025,238,U,JV,0.65,NA,NA,NA,AI,W,GRROND,2
665723,14,2025-03-31,32W,M,UPCLWR,3:0,25-70029,MY2025,208,U,JV,0.848,NA,NA,NA,AI,W,CLRWTR,3
664467,14,2025-03-31,32W,NA,NA,NA,NA,MY2025,187,NA,JV,NA,NA,NA,NA,AI,W,NA,NA
665706,13,2025-03-27,32W,F,IMNAHA,3:0,25-70012,MY2025,217,U,JV,0.698,NA,NA,NA,AI,W,IMNAHA,3
665710,13,2025-03-27,32W,F,MFSALM,2:0,25-70016,MY2025,148,U,JV,0.367,NA,NA,NA,AI,W,SALMON,2
665843,15,2025-04-11,32W,F,UPSALM,2:0,25-70149,MY2025,158,U,JV,0.536,NA,NA,NA,AI,W,SALMON,2
666058,18,2025-04-29,32W,F,UPSALM,2:0,25-70365,MY2025,217,U,JV,0.889,NA,NA,NA,AI,W,SALMON,2
666011,17,2025-04-23,32W,F,UPSALM,2:0,25-70318,MY2025,162,U,JV,0.447,NA,NA,NA,AI,W,SALMON,2
665735,14,2025-03-31,32W,M,SFCLWR,2:0,25-70041,MY2025,177,U,JV,0.997,NA,NA,NA,AI,W,CLRWTR,2
666081,18,2025-04-30,32W,F,LSNAKE,2:0,25-70388,MY2025,205,U,JV,0.618,NA,NA,NA,AI,W,LSNAKE,2
665813,15,2025-04-08,32W,M,LSNAKE,2:0,25-70119,MY2025,204,U,JV,0.479,NA,NA,NA,AI,W,LSNAKE,2
665729,14,2025-03-31,32W,F,UPCLWR,2:0,25-70035,MY2025,161,U,JV,0.923,NA,NA,NA,AI,W,CLRWTR,2
665775,14,2025-04-03,32W,M,GRROND,2:0,25-70081,MY2025,144,U,JV,0.875,NA,NA,NA,AI,W,GRROND,2
665872,16,2025-04-14,32W,F,GRROND,3:0,25-70179,MY2025,178,U,JV,0.898,NA,NA,NA,AI,W,GRROND,3
666157,18,2025-05-02,32W,F,GRROND,4:0,25-70464,MY2025,184,U,JV,0.889,NA,NA,NA,AI,W,GRROND,4
665771,14,2025-04-03,32W,F,UPCLWR,2:0,25-70077,MY2025,193,U,JV,0.999,NA,NA,NA,AI,W,CLRWTR,2
665702,13,2025-03-27,32W,F,UPSALM,2:0,25-70008,MY2025,246,U,JV,0.464,NA,NA,NA,AI,W,SALMON,2
665857,16,2025-04-14,32W,F,SFCLWR,N:A,25-70164,MY2025,166,U,JV,0.988,NA,NA,NA,AI,W,CLRWTR,NA
666174,18,2025-05-02,32W,F,GRROND,2:0,25-70481,MY2025,153,U,JV,0.849,NA,NA,NA,AI,W,GRROND,2
666190,19,2025-05-05,32W,M,UPCLWR,3:0,25-70497,MY2025,205,U,JV,0.969,NA,NA,NA,AI,W,CLRWTR,3
665811,15,2025-04-08,32W,F,LSNAKE,4:0,25-70117,MY2025,204,U,JV,0.349,NA,NA,NA,AI,W,LSNAKE,4
666075,18,2025-04-30,32W,NA,NA,2:0,25-70382,MY2025,236,NG,JV,NA,NA,NA,NA,AI,W,NA,2
666201,19,2025-05-05,32W,F,MFSALM,4:0,25-70508,MY2025,196,U,JV,0.419,NA,NA,NA,AI,W,SALMON,4
665745,14,2025-03-31,32W,M,IMNAHA,3:0,25-70051,MY2025,223,U,JV,0.597,NA,NA,NA,AI,W,IMNAHA,3
666177,18,2025-05-02,32W,M,UPSALM,2:0,25-70484,MY2025,176,U,JV,0.876,NA,NA,NA,AI,W,SALMON,2
665736,14,2025-03-31,32W,M,UPSALM,3:0,25-70042,MY2025,269,U,JV,0.992,NA,NA,NA,AI,W,SALMON,3
666152,18,2025-05-02,32W,F,SFCLWR,2:0,25-70459,MY2025,191,U,JV,0.991,NA,NA,NA,AI,W,CLRWTR,2
666169,18,2025-05-02,32W,M,SFCLWR,2:0,25-70476,MY2025,157,U,JV,0.996,NA,NA,NA,AI,W,CLRWTR,2
665871,16,2025-04-14,32W,F,UPCLWR,2:0,25-70178,MY2025,175,U,JV,0.714,NA,NA,NA,AI,W,CLRWTR,2
666008,17,2025-04-23,32W,F,LSNAKE,3:0,25-70315,MY2025,179,U,JV,0.944,NA,NA,NA,AI,W,LSNAKE,3
666140,18,2025-05-02,32W,F,IMNAHA,2:0,25-70447,MY2025,206,U,JV,0.613,NA,NA,NA,AI,W,IMNAHA,2
666062,18,2025-04-29,32W,M,GRROND,1:0,25-70369,MY2025,147,U,JV,0.897,NA,NA,NA,AI,W,GRROND,1
665987,17,2025-04-22,32W,F,IMNAHA,3:0,25-70294,MY2025,199,U,JV,0.839,NA,NA,NA,AI,W,IMNAHA,3
665803,15,2025-04-08,32W,M,IMNAHA,2:0,25-70109,MY2025,232,U,JV,0.938,NA,NA,NA,AI,W,IMNAHA,2
665873,16,2025-04-14,32W,F,GRROND,2:0,25-70180,MY2025,173,U,JV,0.943,NA,NA,NA,AI,W,GRROND,2
665728,14,2025-03-31,32W,F,SFSALM,3:0,25-70034,MY2025,215,U,JV,0.999,NA,NA,NA,AI,W,SALMON,3
665741,14,2025-03-31,32W,F,GRROND,2:0,25-70047,MY2025,221,U,JV,0.988,NA,NA,NA,AI,W,GRROND,2
665928,16,2025-04-17,32W,M,GRROND,2:0,25-70235,MY2025,296,U,JV,0.796,NA,NA,NA,AI,W,GRROND,2
664470,16,2025-04-18,32W,NA,NA,NA,NA,MY2025,NA,NA,JV,NA,NA,NA,NA,AI,W,NA,NA
665782,14,2025-04-03,32W,F,SFCLWR,2:0,25-70088,MY2025,204,U,JV,0.769,NA,NA,NA,AI,W,CLRWTR,2
664477,20,2025-05-16,32W,NA,NA,NA,NA,MY2025,138,NA,JV,NA,NA,NA,NA,AI,W,NA,NA
665755,14,2025-04-02,32W,M,GRROND,2:0,25-70061,MY2025,182,U,JV,0.717,NA,NA,NA,AI,W,GRROND,2
665918,16,2025-04-17,32W,F,SFSALM,4:0,25-70225,MY2025,216,U,JV,0.999,NA,NA,NA,AI,W,SALMON,4
666386,20,2025-05-12,32W,F,IMNAHA,2:0,25-70693,MY2025,186,U,JV,0.992,NA,NA,NA,AI,W,IMNAHA,2
665815,15,2025-04-08,32W,F,UPSALM,2:0,25-70121,MY2025,219,U,JV,0.805,NA,NA,NA,AI,W,SALMON,2
665787,14,2025-04-04,32W,M,GRROND,2:0,25-70093,MY2025,146,U,JV,0.722,NA,NA,NA,AI,W,GRROND,2
666275,19,2025-05-07,32W,F,UPSALM,1:0,25-70582,MY2025,152,U,JV,0.665,NA,NA,NA,AI,W,SALMON,1
666222,19,2025-05-06,32W,F,GRROND,2:0,25-70529,MY2025,176,U,JV,0.801,NA,NA,NA,AI,W,GRROND,2
665722,13,2025-03-28,32W,F,GRROND,3:0,25-70028,MY2025,212,U,JV,0.546,NA,NA,NA,AI,W,GRROND,3
665785,14,2025-04-03,32W,M,GRROND,2:0,25-70091,MY2025,161,U,JV,0.895,NA,NA,NA,AI,W,GRROND,2
665716,13,2025-03-28,32W,F,GRROND,3:0,25-70022,MY2025,284,U,JV,0.619,NA,NA,NA,AI,W,GRROND,3
666066,18,2025-04-29,32H,M,SFCLWR,2:0,25-70373,MY2025,196,H,JV,0.831,NA,NA,NA,AI,HNC,CLRWTR,2
664466,13,2025-03-27,32W,NA,NA,NA,NA,MY2025,246,NA,JV,NA,NA,NA,NA,AI,W,NA,NA
666045,17,2025-04-25,32W,F,SFCLWR,2:0,25-70352,MY2025,161,U,JV,0.992,NA,NA,NA,AI,W,CLRWTR,2
666006,17,2025-04-23,32W,M,LOCLWR,2:0,25-70313,MY2025,208,U,JV,0.542,NA,NA,NA,AI,W,CLRWTR,2
665697,13,2025-03-27,32W,F,GRROND,N:A,25-70003,MY2025,210,U,JV,0.766,NA,NA,NA,AI,W,GRROND,NA
665772,14,2025-04-03,32W,M,GRROND,3:0,25-70078,MY2025,234,U,JV,0.62,NA,NA,NA,AI,W,GRROND,3
665696,13,2025-03-27,32W,F,GRROND,2:0,25-70002,MY2025,86,U,JV,0.78,NA,NA,NA,AI,W,GRROND,2
666070,18,2025-04-29,32W,F,UPCLWR,3:0,25-70377,MY2025,188,U,JV,0.999,NA,NA,NA,AI,W,CLRWTR,3
666079,18,2025-04-30,32W,M,UPCLWR,3:0,25-70386,MY2025,192,U,JV,0.999,NA,NA,NA,AI,W,CLRWTR,3
665850,16,2025-04-14,32W,M,GRROND,2:0,25-70156,MY2025,148,U,JV,0.512,NA,NA,NA,AI,W,GRROND,2
666168,18,2025-05-02,32W,F,UPCLWR,1:0,25-70475,MY2025,148,U,JV,0.996,NA,NA,NA,AI,W,CLRWTR,1
664469,16,2025-04-15,32W,NA,NA,NA,NA,MY2025,173,NA,JV,NA,NA,NA,NA,AI,W,NA,NA
666526,20,2025-05-15,32W,F,SFCLWR,3:0,25-70833,MY2025,199,U,JV,0.668,NA,NA,NA,AI,W,CLRWTR,3
666023,17,2025-04-24,32W,M,UPSALM,2:0,25-70330,MY2025,175,U,JV,0.532,NA,NA,NA,AI,W,SALMON,2
665938,16,2025-04-17,32W,F,SFCLWR,3:0,25-70245,MY2025,234,U,JV,0.866,NA,NA,NA,AI,W,CLRWTR,3
666503,20,2025-05-14,32W,F,GRROND,3:0,25-70810,MY2025,175,U,JV,0.555,NA,NA,NA,AI,W,GRROND,3
666176,18,2025-05-02,32W,F,UPCLWR,2:0,25-70483,MY2025,170,U,JV,0.999,NA,NA,NA,AI,W,CLRWTR,2
666001,17,2025-04-23,32W,M,GRROND,2:0,25-70308,MY2025,165,U,JV,0.941,NA,NA,NA,AI,W,GRROND,2
665865,16,2025-04-14,32W,M,UPSALM,2:0,25-70172,MY2025,183,U,JV,0.923,NA,NA,NA,AI,W,SALMON,2
666132,18,2025-05-02,32W,M,UPCLWR,2:0,25-70439,MY2025,162,U,JV,0.999,NA,NA,NA,AI,W,CLRWTR,2
665730,14,2025-03-31,32W,M,UPCLWR,3:0,25-70036,MY2025,151,U,JV,0.999,NA,NA,NA,AI,W,CLRWTR,3
665731,14,2025-03-31,32W,M,SFCLWR,2:0,25-70037,MY2025,204,U,JV,0.998,NA,NA,NA,AI,W,CLRWTR,2
666150,18,2025-05-02,32W,F,GRROND,2:0,25-70457,MY2025,182,U,JV,0.837,NA,NA,NA,AI,W,GRROND,2
665704,13,2025-03-27,32H,F,SFCLWR,4:0,25-70010,MY2025,214,H,JV,0.995,NA,NA,NA,AI,HNC,CLRWTR,4
666061,18,2025-04-29,32W,F,GRROND,2:0,25-70368,MY2025,152,U,JV,0.605,NA,NA,NA,AI,W,GRROND,2
665868,16,2025-04-14,32W,M,SFCLWR,2:0,25-70175,MY2025,172,U,JV,0.999,NA,NA,NA,AI,W,CLRWTR,2
665921,16,2025-04-17,32W,M,LOCLWR,2:0,25-70228,MY2025,163,U,JV,0.652,NA,NA,NA,AI,W,CLRWTR,2
665939,16,2025-04-17,32W,F,LOCLWR,2:0,25-70246,MY2025,185,U,JV,0.661,NA,NA,NA,AI,W,CLRWTR,2
665951,16,2025-04-18,32W,F,SFSALM,3:0,25-70258,MY2025,179,U,JV,0.999,NA,NA,NA,AI,W,SALMON,3
665942,16,2025-04-17,32W,F,SFSALM,3:0,25-70249,MY2025,206,U,JV,0.962,NA,NA,NA,AI,W,SALMON,3
666002,17,2025-04-23,32W,M,MFSALM,3:0,25-70309,MY2025,166,U,JV,0.421,NA,NA,NA,AI,W,SALMON,3
666213,19,2025-05-05,32W,M,UPSALM,2:0,25-70520,MY2025,184,U,JV,0.446,NA,NA,NA,AI,W,SALMON,2
665834,15,2025-04-11,32W,M,LSNAKE,4:0,25-70140,MY2025,306,U,JV,0.516,NA,NA,NA,AI,W,LSNAKE,4
666009,17,2025-04-23,32W,M,IMNAHA,3:0,25-70316,MY2025,223,U,JV,0.841,NA,NA,NA,AI,W,IMNAHA,3
665712,13,2025-03-27,32W,F,GRROND,4:0,25-70018,MY2025,304,U,JV,0.651,NA,NA,NA,AI,W,GRROND,4
665738,14,2025-03-31,32W,M,GRROND,3:0,25-70044,MY2025,204,U,JV,0.884,NA,NA,NA,AI,W,GRROND,3
665770,14,2025-04-03,32W,M,GRROND,3:0,25-70076,MY2025,183,U,JV,0.664,NA,NA,NA,AI,W,GRROND,3
665700,13,2025-03-27,32W,F,IMNAHA,N:A,25-70006,MY2025,252,U,JV,0.41,NA,NA,NA,AI,W,IMNAHA,NA
665905,16,2025-04-16,32W,M,UPSALM,2:0,25-70212,MY2025,162,U,JV,0.377,NA,NA,NA,AI,W,SALMON,2
666211,19,2025-05-05,32W,F,SFCLWR,2:0,25-70518,MY2025,167,U,JV,0.991,NA,NA,NA,AI,W,CLRWTR,2
666054,18,2025-04-29,32W,M,SFCLWR,2:0,25-70361,MY2025,173,U,JV,0.999,NA,NA,NA,AI,W,CLRWTR,2
666077,18,2025-04-30,32W,NA,NA,2:0,25-70384,MY2025,160,NG,JV,NA,NA,NA,NA,AI,W,NA,2
665825,15,2025-04-10,32W,M,GRROND,2:0,25-70131,MY2025,142,U,JV,0.992,NA,NA,NA,AI,W,GRROND,2
665727,14,2025-03-31,32W,M,UPSALM,2:0,25-70033,MY2025,195,U,JV,0.325,NA,NA,NA,AI,W,SALMON,2
665725,14,2025-03-31,32W,F,LOCLWR,3:0,25-70031,MY2025,150,U,JV,0.962,NA,NA,NA,AI,W,CLRWTR,3
665714,13,2025-03-28,32W,F,UPSALM,2:0,25-70020,MY2025,184,U,JV,0.347,NA,NA,NA,AI,W,SALMON,2
665831,15,2025-04-10,32W,F,UPSALM,2:0,25-70137,MY2025,210,U,JV,0.975,NA,NA,NA,AI,W,SALMON,2
665768,14,2025-04-03,32W,F,SFCLWR,2:0,25-70074,MY2025,228,U,JV,0.995,NA,NA,NA,AI,W,CLRWTR,2
665748,14,2025-03-31,32W,M,SFCLWR,2:0,25-70054,MY2025,158,U,JV,0.999,NA,NA,NA,AI,W,CLRWTR,2
665821,15,2025-04-09,32W,F,GRROND,2:0,25-70127,MY2025,166,U,JV,0.551,NA,NA,NA,AI,W,GRROND,2
665985,17,2025-04-22,32W,F,LSNAKE,2:0,25-70292,MY2025,210,U,JV,0.64,NA,NA,NA,AI,W,LSNAKE,2
665698,13,2025-03-27,32W,F,LSNAKE,2:0,25-70004,MY2025,202,U,JV,0.458,NA,NA,NA,AI,W,LSNAKE,2
665779,14,2025-04-03,32W,M,GRROND,3:0,25-70085,MY2025,272,U,JV,0.587,NA,NA,NA,AI,W,GRROND,3
665920,16,2025-04-17,32W,F,MFSALM,2:0,25-70227,MY2025,159,U,JV,0.932,NA,NA,NA,AI,W,SALMON,2
665726,14,2025-03-31,32W,F,LSNAKE,2:0,25-70032,MY2025,151,U,JV,0.838,NA,NA,NA,AI,W,LSNAKE,2
665853,16,2025-04-14,32W,F,GRROND,2:0,25-70160,MY2025,175,U,JV,0.638,NA,NA,NA,AI,W,GRROND,2
665876,16,2025-04-15,32W,F,GRROND,2:0,25-70183,MY2025,253,U,JV,0.55,NA,NA,NA,AI,W,GRROND,2
666067,18,2025-04-29,32W,F,GRROND,3:0,25-70374,MY2025,170,U,JV,0.585,NA,NA,NA,AI,W,GRROND,3
665780,14,2025-04-03,32W,F,UPCLWR,2:0,25-70086,MY2025,165,U,JV,0.506,NA,NA,NA,AI,W,CLRWTR,2
665874,16,2025-04-14,32W,M,SFSALM,3:0,25-70181,MY2025,286,U,JV,0.989,NA,NA,NA,AI,W,SALMON,3
665800,15,2025-04-08,32W,M,GRROND,2:0,25-70106,MY2025,128,U,JV,0.92,NA,NA,NA,AI,W,GRROND,2
665707,13,2025-03-27,32W,M,GRROND,2:0,25-70013,MY2025,281,U,JV,0.801,NA,NA,NA,AI,W,GRROND,2
665922,16,2025-04-17,32W,M,MFSALM,2:0,25-70229,MY2025,162,U,JV,0.725,NA,NA,NA,AI,W,SALMON,2
666088,18,2025-04-30,32W,NA,NA,2:0,25-70395,MY2025,170,NG,JV,NA,NA,NA,NA,AI,W,NA,2
666028,17,2025-04-25,32W,M,UPSALM,2:0,25-70335,MY2025,157,U,JV,0.972,NA,NA,NA,AI,W,SALMON,2
666019,17,2025-04-24,32W,F,SFCLWR,2:0,25-70326,MY2025,161,U,JV,0.956,NA,NA,NA,AI,W,CLRWTR,2
664472,19,2025-05-06,32W,NA,NA,NA,NA,MY2025,198,NA,JV,NA,NA,NA,NA,AI,W,NA,NA
666007,17,2025-04-23,32W,M,UPSALM,2:0,25-70314,MY2025,189,U,JV,0.545,NA,NA,NA,AI,W,SALMON,2
666139,18,2025-05-02,32W,M,UPCLWR,2:0,25-70446,MY2025,171,U,JV,0.992,NA,NA,NA,AI,W,CLRWTR,2
665751,14,2025-04-01,32W,F,UPSALM,2:0,25-70057,MY2025,156,U,JV,0.734,NA,NA,NA,AI,W,SALMON,2
666034,17,2025-04-25,32W,F,UPSALM,2:0,25-70341,MY2025,164,U,JV,0.295,NA,NA,NA,AI,W,SALMON,2
666005,17,2025-04-23,32W,F,UPSALM,2:0,25-70312,MY2025,175,U,JV,0.585,NA,NA,NA,AI,W,SALMON,2
664473,20,2025-05-12,32W,NA,NA,NA,NA,MY2025,167,NA,JV,NA,NA,NA,NA,AI,W,NA,NA
666358,20,2025-05-12,32W,M,LSNAKE,2:0,25-70665,MY2025,160,U,JV,0.397,NA,NA,NA,AI,W,LSNAKE,2
665801,15,2025-04-08,32W,F,GRROND,2:0,25-70107,MY2025,219,U,JV,0.911,NA,NA,NA,AI,W,GRROND,2
665732,14,2025-03-31,32W,F,SFCLWR,2:0,25-70038,MY2025,170,U,JV,0.911,NA,NA,NA,AI,W,CLRWTR,2
665699,13,2025-03-27,32W,M,LSNAKE,2:0,25-70005,MY2025,242,U,JV,0.552,NA,NA,NA,AI,W,LSNAKE,2
665927,16,2025-04-17,32W,F,UPCLWR,3:0,25-70234,MY2025,178,U,JV,0.785,NA,NA,NA,AI,W,CLRWTR,3
664468,14,2025-04-03,32W,NA,NA,NA,NA,MY2025,221,NA,JV,NA,NA,NA,NA,AI,W,NA,NA
665824,15,2025-04-09,32W,M,SFCLWR,2:0,25-70130,MY2025,156,U,JV,0.83,NA,NA,NA,AI,W,CLRWTR,2
665870,16,2025-04-14,32W,M,GRROND,2:0,25-70177,MY2025,156,U,JV,0.885,NA,NA,NA,AI,W,GRROND,2
665993,17,2025-04-22,32W,M,UPCLWR,2:0,25-70300,MY2025,159,U,JV,0.997,NA,NA,NA,AI,W,CLRWTR,2
665767,14,2025-04-03,32W,M,SFCLWR,2:0,25-70073,MY2025,163,U,JV,0.997,NA,NA,NA,AI,W,CLRWTR,2
666237,19,2025-05-06,32W,F,GRROND,3:0,25-70544,MY2025,190,U,JV,0.626,NA,NA,NA,AI,W,GRROND,3
665864,16,2025-04-14,32W,M,SFCLWR,3:0,25-70171,MY2025,173,U,JV,0.999,NA,NA,NA,AI,W,CLRWTR,3
666147,18,2025-05-02,32W,F,UPSALM,2:0,25-70454,MY2025,166,U,JV,0.884,NA,NA,NA,AI,W,SALMON,2
665851,16,2025-04-14,32W,M,SFCLWR,2:0,25-70157,MY2025,183,U,JV,0.993,NA,NA,NA,AI,W,CLRWTR,2
666144,18,2025-05-02,32W,M,LSNAKE,3:0,25-70451,MY2025,175,U,JV,0.908,NA,NA,NA,AI,W,LSNAKE,3
666068,18,2025-04-29,32W,M,IMNAHA,2:0,25-70375,MY2025,193,U,JV,0.654,NA,NA,NA,AI,W,IMNAHA,2
665861,16,2025-04-14,32W,F,SFCLWR,2:0,25-70168,MY2025,160,U,JV,0.356,NA,NA,NA,AI,W,CLRWTR,2
665875,16,2025-04-14,32W,F,LSNAKE,3:0,25-70182,MY2025,159,U,JV,0.655,NA,NA,NA,AI,W,LSNAKE,3
666000,17,2025-04-23,32W,M,SFCLWR,2:0,25-70307,MY2025,158,U,JV,0.997,NA,NA,NA,AI,W,CLRWTR,2
666205,19,2025-05-05,32W,M,UPCLWR,4:0,25-70512,MY2025,195,U,JV,0.999,NA,NA,NA,AI,W,CLRWTR,4
666055,18,2025-04-29,32W,M,IMNAHA,2:0,25-70362,MY2025,169,U,JV,0.684,NA,NA,NA,AI,W,IMNAHA,2
665820,15,2025-04-09,32W,F,UPCLWR,2:0,25-70126,MY2025,154,U,JV,0.999,NA,NA,NA,AI,W,CLRWTR,2
666027,17,2025-04-25,32W,F,UPSALM,2:0,25-70334,MY2025,159,U,JV,0.43,NA,NA,NA,AI,W,SALMON,2
666327,19,2025-05-09,32W,F,SFCLWR,2:0,25-70634,MY2025,154,U,JV,0.981,NA,NA,NA,AI,W,CLRWTR,2
666345,19,2025-05-09,32W,F,MFSALM,3:0,25-70652,MY2025,162,U,JV,0.903,NA,NA,NA,AI,W,SALMON,3
666313,19,2025-05-08,32W,F,SFSALM,3:0,25-70620,MY2025,175,U,JV,0.974,NA,NA,NA,AI,W,SALMON,3
665998,17,2025-04-22,32W,M,UPCLWR,2:0,25-70305,MY2025,164,U,JV,0.999,NA,NA,NA,AI,W,CLRWTR,2
666018,17,2025-04-24,32W,F,UPCLWR,2:0,25-70325,MY2025,177,U,JV,0.999,NA,NA,NA,AI,W,CLRWTR,2
665750,14,2025-04-01,32W,M,GRROND,2:0,25-70056,MY2025,225,U,JV,0.358,NA,NA,NA,AI,W,GRROND,2
666202,19,2025-05-05,32W,F,SFSALM,4:0,25-70509,MY2025,200,U,JV,0.999,NA,NA,NA,AI,W,SALMON,4
666186,19,2025-05-05,32W,M,UPCLWR,2:0,25-70493,MY2025,160,U,JV,0.927,NA,NA,NA,AI,W,CLRWTR,2
666179,19,2025-05-05,32W,F,IMNAHA,2:0,25-70486,MY2025,138,U,JV,0.426,NA,NA,NA,AI,W,IMNAHA,2
665944,16,2025-04-17,32W,M,LSNAKE,2:0,25-70251,MY2025,187,U,JV,0.837,NA,NA,NA,AI,W,LSNAKE,2
666004,17,2025-04-23,32W,F,MFSALM,4:0,25-70311,MY2025,193,U,JV,0.993,NA,NA,NA,AI,W,SALMON,4
665747,14,2025-03-31,32W,F,GRROND,2:0,25-70053,MY2025,175,U,JV,0.933,NA,NA,NA,AI,W,GRROND,2
665743,14,2025-03-31,32W,F,SFCLWR,2:0,25-70049,MY2025,167,U,JV,0.997,NA,NA,NA,AI,W,CLRWTR,2
666129,18,2025-05-02,32W,F,UPCLWR,3:0,25-70436,MY2025,175,U,JV,0.999,NA,NA,NA,AI,W,CLRWTR,3
666154,18,2025-05-02,32W,F,LSNAKE,3:0,25-70461,MY2025,202,U,JV,0.257,NA,NA,NA,AI,W,LSNAKE,3
665764,14,2025-04-02,32W,F,GRROND,2:0,25-70070,MY2025,196,U,JV,0.923,NA,NA,NA,AI,W,GRROND,2
666183,19,2025-05-05,32W,M,IMNAHA,2:0,25-70490,MY2025,177,U,JV,0.324,NA,NA,NA,AI,W,IMNAHA,2
665713,13,2025-03-28,32W,F,SFSALM,3:0,25-70019,MY2025,174,U,JV,0.64,NA,NA,NA,AI,W,SALMON,3
666145,18,2025-05-02,32W,F,UPSALM,2:0,25-70452,MY2025,163,U,JV,0.754,NA,NA,NA,AI,W,SALMON,2
666052,18,2025-04-28,32W,F,SFCLWR,2:0,25-70359,MY2025,195,U,JV,0.9,NA,NA,NA,AI,W,CLRWTR,2
665890,16,2025-04-15,32W,F,SFCLWR,2:0,25-70197,MY2025,235,U,JV,0.988,NA,NA,NA,AI,W,CLRWTR,2
666391,20,2025-05-12,32W,M,UPSALM,2:0,25-70698,MY2025,170,U,JV,0.997,NA,NA,NA,AI,W,SALMON,2
666406,20,2025-05-12,32W,M,SFCLWR,1:0,25-70713,MY2025,193,U,JV,0.994,NA,NA,NA,AI,W,CLRWTR,1
665888,16,2025-04-15,32W,F,UPSALM,2:0,25-70195,MY2025,160,U,JV,0.724,NA,NA,NA,AI,W,SALMON,2
666641,22,2025-05-26,32W,M,UPSALM,2:0,25-70948,MY2025,164,U,JV,0.876,NA,NA,NA,AI,W,SALMON,2
665832,15,2025-04-10,32W,F,UPCLWR,3:0,25-70138,MY2025,192,U,JV,0.999,NA,NA,NA,AI,W,CLRWTR,3
666371,20,2025-05-12,32W,F,GRROND,1:0,25-70678,MY2025,145,U,JV,0.731,NA,NA,NA,AI,W,GRROND,1
665859,16,2025-04-14,32W,M,SFSALM,3:0,25-70166,MY2025,236,U,JV,0.696,NA,NA,NA,AI,W,SALMON,3
666393,20,2025-05-12,32W,M,UPCLWR,3:0,25-70700,MY2025,162,U,JV,0.553,NA,NA,NA,AI,W,CLRWTR,3
666645,22,2025-05-27,32W,M,UPSALM,1:0,25-70952,MY2025,168,U,JV,0.932,NA,NA,NA,AI,W,SALMON,1
665752,14,2025-04-02,32W,F,IMNAHA,3:0,25-70058,MY2025,177,U,JV,0.5,NA,NA,NA,AI,W,IMNAHA,3
666164,18,2025-05-02,32W,F,UPCLWR,4:0,25-70471,MY2025,169,U,JV,0.998,NA,NA,NA,AI,W,CLRWTR,4
666165,18,2025-05-02,32W,F,UPCLWR,2:0,25-70472,MY2025,183,U,JV,0.995,NA,NA,NA,AI,W,CLRWTR,2
665936,16,2025-04-17,32W,F,GRROND,2:0,25-70243,MY2025,157,U,JV,0.488,NA,NA,NA,AI,W,GRROND,2
666304,19,2025-05-08,32W,F,SFSALM,2:0,25-70611,MY2025,169,U,JV,0.999,NA,NA,NA,AI,W,SALMON,2
666518,20,2025-05-15,32W,F,IMNAHA,2:0,25-70825,MY2025,175,U,JV,0.86,NA,NA,NA,AI,W,IMNAHA,2
666401,20,2025-05-12,32W,M,LOSALM,2:0,25-70708,MY2025,209,U,JV,0.324,NA,NA,NA,AI,W,SALMON,2
666494,20,2025-05-14,32W,M,MFSALM,2:0,25-70801,MY2025,160,U,JV,0.747,NA,NA,NA,AI,W,SALMON,2
666519,20,2025-05-15,32W,M,GRROND,2:0,25-70826,MY2025,182,U,JV,0.569,NA,NA,NA,AI,W,GRROND,2
666031,17,2025-04-25,32H,F,SFCLWR,2:0,25-70338,MY2025,188,H,JV,0.993,NA,NA,NA,AI,HNC,CLRWTR,2
666348,19,2025-05-09,32W,F,MFSALM,2:0,25-70655,MY2025,173,U,JV,0.99,NA,NA,NA,AI,W,SALMON,2
665863,16,2025-04-14,32W,M,GRROND,2:0,25-70170,MY2025,192,U,JV,0.957,NA,NA,NA,AI,W,GRROND,2
665798,15,2025-04-08,32W,F,GRROND,2:0,25-70104,MY2025,178,U,JV,0.653,NA,NA,NA,AI,W,GRROND,2
666083,18,2025-04-30,32W,M,UPCLWR,2:0,25-70390,MY2025,162,U,JV,0.999,NA,NA,NA,AI,W,CLRWTR,2
666086,18,2025-04-30,32W,F,UPCLWR,2:0,25-70393,MY2025,188,U,JV,0.831,NA,NA,NA,AI,W,CLRWTR,2
665932,16,2025-04-17,32W,F,SFCLWR,3:0,25-70239,MY2025,156,U,JV,0.947,NA,NA,NA,AI,W,CLRWTR,3
665740,14,2025-03-31,32W,M,SFCLWR,2:0,25-70046,MY2025,195,U,JV,0.724,NA,NA,NA,AI,W,CLRWTR,2
665855,16,2025-04-14,32W,F,SFCLWR,2:0,25-70162,MY2025,163,U,JV,0.999,NA,NA,NA,AI,W,CLRWTR,2
665810,15,2025-04-08,32W,F,SFSALM,4:0,25-70116,MY2025,215,U,JV,0.999,NA,NA,NA,AI,W,SALMON,4
665885,16,2025-04-15,32W,M,GRROND,2:0,25-70192,MY2025,163,U,JV,0.754,NA,NA,NA,AI,W,GRROND,2
665759,14,2025-04-02,32W,F,UPCLWR,1:0,25-70065,MY2025,181,U,JV,0.997,NA,NA,NA,AI,W,CLRWTR,1
666204,19,2025-05-05,32W,F,GRROND,2:0,25-70511,MY2025,141,U,JV,0.461,NA,NA,NA,AI,W,GRROND,2
666093,18,2025-04-30,32W,M,UPCLWR,2:0,25-70400,MY2025,180,U,JV,0.998,NA,NA,NA,AI,W,CLRWTR,2
665892,16,2025-04-15,32W,F,UPCLWR,2:0,25-70199,MY2025,NA,U,JV,0.99,NA,NA,NA,AI,W,CLRWTR,2
665812,15,2025-04-08,32W,M,UPCLWR,3:0,25-70118,MY2025,187,U,JV,0.857,NA,NA,NA,AI,W,CLRWTR,3
666096,18,2025-04-30,32W,F,IMNAHA,2:0,25-70403,MY2025,166,U,JV,0.961,NA,NA,NA,AI,W,IMNAHA,2
666382,20,2025-05-12,32W,F,IMNAHA,3:0,25-70689,MY2025,170,U,JV,0.925,NA,NA,NA,AI,W,IMNAHA,3
666084,18,2025-04-30,32W,F,UPCLWR,3:0,25-70391,MY2025,180,U,JV,0.996,NA,NA,NA,AI,W,CLRWTR,3
665860,16,2025-04-14,32W,M,GRROND,3:0,25-70167,MY2025,234,U,JV,0.644,NA,NA,NA,AI,W,GRROND,3
665924,16,2025-04-17,32W,F,SFSALM,4:0,25-70231,MY2025,223,U,JV,0.999,NA,NA,NA,AI,W,SALMON,4
666022,17,2025-04-24,32W,F,UPSALM,2:0,25-70329,MY2025,174,U,JV,0.854,NA,NA,NA,AI,W,SALMON,2
665703,13,2025-03-27,32W,M,GRROND,2:0,25-70009,MY2025,161,U,JV,0.958,NA,NA,NA,AI,W,GRROND,2
666682,22,2025-05-29,32W,F,IMNAHA,2:0,25-70989,MY2025,181,U,JV,0.977,NA,NA,NA,AI,W,IMNAHA,2
666080,18,2025-04-30,32W,F,LSNAKE,2:0,25-70387,MY2025,159,U,JV,0.346,NA,NA,NA,AI,W,LSNAKE,2
666063,18,2025-04-29,32W,F,UPCLWR,3:0,25-70370,MY2025,193,U,JV,0.999,NA,NA,NA,AI,W,CLRWTR,3
666324,19,2025-05-08,32W,M,GRROND,2:0,25-70631,MY2025,176,U,JV,0.782,NA,NA,NA,AI,W,GRROND,2
665946,16,2025-04-17,32W,M,GRROND,3:0,25-70253,MY2025,183,U,JV,0.802,NA,NA,NA,AI,W,GRROND,3
666127,18,2025-05-02,32W,F,UPCLWR,3:0,25-70434,MY2025,188,U,JV,0.791,NA,NA,NA,AI,W,CLRWTR,3
666184,19,2025-05-05,32W,F,GRROND,2:0,25-70491,MY2025,169,U,JV,0.927,NA,NA,NA,AI,W,GRROND,2
666713,23,2025-06-02,32W,F,UPSALM,2:0,25-71020,MY2025,158,U,JV,0.587,NA,NA,NA,AI,W,SALMON,2
666296,19,2025-05-08,32W,F,SFCLWR,N:A,25-70603,MY2025,133,U,JV,0.775,NA,NA,NA,AI,W,CLRWTR,NA
666285,19,2025-05-07,32W,M,UPCLWR,1:0,25-70592,MY2025,163,U,JV,0.77,NA,NA,NA,AI,W,CLRWTR,1
666044,17,2025-04-25,32W,F,SFCLWR,2:0,25-70351,MY2025,178,U,JV,0.988,NA,NA,NA,AI,W,CLRWTR,2
665773,14,2025-04-03,32W,F,IMNAHA,2:0,25-70079,MY2025,248,U,JV,0.96,NA,NA,NA,AI,W,IMNAHA,2
666197,19,2025-05-05,32W,F,UPCLWR,3:0,25-70504,MY2025,170,U,JV,0.999,NA,NA,NA,AI,W,CLRWTR,3
666232,19,2025-05-06,32W,F,UPSALM,2:0,25-70539,MY2025,186,U,JV,0.714,NA,NA,NA,AI,W,SALMON,2
665737,14,2025-03-31,32W,M,GRROND,2:0,25-70043,MY2025,245,U,JV,0.924,NA,NA,NA,AI,W,GRROND,2
665912,16,2025-04-16,32W,M,GRROND,2:0,25-70219,MY2025,177,U,JV,0.863,NA,NA,NA,AI,W,GRROND,2
665709,13,2025-03-27,32W,M,GRROND,2:0,25-70015,MY2025,175,U,JV,0.769,NA,NA,NA,AI,W,GRROND,2
665715,13,2025-03-28,32W,F,UPSALM,2:0,25-70021,MY2025,183,U,JV,0.548,NA,NA,NA,AI,W,SALMON,2
666412,20,2025-05-12,32W,F,UPCLWR,1:0,25-70719,MY2025,155,U,JV,0.666,NA,NA,NA,AI,W,CLRWTR,1
665720,13,2025-03-28,32W,F,GRROND,2:0,25-70026,MY2025,156,U,JV,0.983,NA,NA,NA,AI,W,GRROND,2
666072,18,2025-04-30,32W,F,GRROND,3:0,25-70379,MY2025,170,U,JV,0.858,NA,NA,NA,AI,W,GRROND,3
666085,18,2025-04-30,32W,M,MFSALM,3:0,25-70392,MY2025,104,U,JV,0.544,NA,NA,NA,AI,W,SALMON,3
665862,16,2025-04-14,32W,M,GRROND,2:0,25-70169,MY2025,174,U,JV,0.848,NA,NA,NA,AI,W,GRROND,2
666557,21,2025-05-19,32W,F,LSNAKE,2:0,25-70864,MY2025,166,U,JV,0.408,NA,NA,NA,AI,W,LSNAKE,2
666161,18,2025-05-02,32W,F,UPCLWR,2:0,25-70468,MY2025,169,U,JV,0.999,NA,NA,NA,AI,W,CLRWTR,2
665929,16,2025-04-17,32W,M,UPSALM,2:0,25-70236,MY2025,190,U,JV,0.837,NA,NA,NA,AI,W,SALMON,2
665818,15,2025-04-08,32W,F,UPCLWR,3:0,25-70124,MY2025,166,U,JV,0.999,NA,NA,NA,AI,W,CLRWTR,3
666420,20,2025-05-12,32W,F,UPCLWR,3:0,25-70727,MY2025,171,U,JV,0.979,NA,NA,NA,AI,W,CLRWTR,3
666385,20,2025-05-12,32W,M,LSNAKE,2:0,25-70692,MY2025,164,U,JV,0.504,NA,NA,NA,AI,W,LSNAKE,2
666173,18,2025-05-02,32W,F,UPCLWR,2:0,25-70480,MY2025,197,U,JV,0.994,NA,NA,NA,AI,W,CLRWTR,2
665828,15,2025-04-10,32W,F,SFCLWR,3:0,25-70134,MY2025,191,U,JV,0.824,NA,NA,NA,AI,W,CLRWTR,3
666424,20,2025-05-12,32W,F,UPSALM,3:0,25-70731,MY2025,165,U,JV,0.868,NA,NA,NA,AI,W,SALMON,3
666133,18,2025-05-02,32W,F,UPSALM,3:0,25-70440,MY2025,157,U,JV,0.809,NA,NA,NA,AI,W,SALMON,3
665746,14,2025-03-31,32W,M,GRROND,2:0,25-70052,MY2025,229,U,JV,0.921,NA,NA,NA,AI,W,GRROND,2
665695,13,2025-03-26,32W,F,GRROND,3:0,25-70001,MY2025,266,U,JV,0.944,NA,NA,NA,AI,W,GRROND,3
666445,20,2025-05-13,32W,F,GRROND,2:0,25-70752,MY2025,197,U,JV,0.812,NA,NA,NA,AI,W,GRROND,2
666470,20,2025-05-13,32W,F,UPCLWR,3:0,25-70777,MY2025,187,U,JV,0.998,NA,NA,NA,AI,W,CLRWTR,3
665846,15,2025-04-11,32W,F,GRROND,2:0,25-70152,MY2025,162,U,JV,0.936,NA,NA,NA,AI,W,GRROND,2
666064,18,2025-04-29,32W,F,SFSALM,1:0,25-70371,MY2025,145,U,JV,0.388,NA,NA,NA,AI,W,SALMON,1
665829,15,2025-04-10,32W,F,IMNAHA,3:0,25-70135,MY2025,207,U,JV,0.945,NA,NA,NA,AI,W,IMNAHA,3
666264,19,2025-05-07,32W,F,IMNAHA,2:0,25-70571,MY2025,198,U,JV,0.607,NA,NA,NA,AI,W,IMNAHA,2
665833,15,2025-04-11,32W,F,SFCLWR,2:0,25-70139,MY2025,154,U,JV,0.999,NA,NA,NA,AI,W,CLRWTR,2
666288,19,2025-05-07,32W,F,SFCLWR,3:0,25-70595,MY2025,215,U,JV,0.785,NA,NA,NA,AI,W,CLRWTR,3
666284,19,2025-05-07,32W,F,UPSALM,2:0,25-70591,MY2025,163,U,JV,0.991,NA,NA,NA,AI,W,SALMON,2
665847,15,2025-04-11,32W,F,LSNAKE,2:0,25-70153,MY2025,201,U,JV,0.408,NA,NA,NA,AI,W,LSNAKE,2
664471,16,2025-04-18,32W,NA,NA,NA,NA,MY2025,176,NA,JV,NA,NA,NA,NA,AI,W,NA,NA
664480,21,2025-05-23,32W,NA,NA,NA,NA,MY2025,171,NA,JV,NA,NA,NA,NA,AI,W,NA,NA
665886,16,2025-04-15,32W,F,GRROND,2:0,25-70193,MY2025,200,U,JV,0.576,NA,NA,NA,AI,W,GRROND,2
665900,16,2025-04-15,32W,M,UPSALM,2:0,25-70207,MY2025,187,U,JV,0.394,NA,NA,NA,AI,W,SALMON,2
666032,17,2025-04-25,32W,F,MFSALM,3:0,25-70339,MY2025,163,U,JV,0.908,NA,NA,NA,AI,W,SALMON,3
665913,16,2025-04-16,32W,F,SFCLWR,2:0,25-70220,MY2025,151,U,JV,0.995,NA,NA,NA,AI,W,CLRWTR,2
666300,19,2025-05-08,32W,F,UPSALM,2:0,25-70607,MY2025,184,U,JV,0.995,NA,NA,NA,AI,W,SALMON,2
665791,15,2025-04-07,32W,F,LSNAKE,2:0,25-70097,MY2025,192,U,JV,0.309,NA,NA,NA,AI,W,LSNAKE,2
665923,16,2025-04-17,32W,F,MFSALM,3:0,25-70230,MY2025,179,U,JV,0.505,NA,NA,NA,AI,W,SALMON,3
665931,16,2025-04-17,32W,F,UPCLWR,2:0,25-70238,MY2025,174,U,JV,0.999,NA,NA,NA,AI,W,CLRWTR,2
665786,14,2025-04-03,32W,F,SFCLWR,2:0,25-70092,MY2025,201,U,JV,0.976,NA,NA,NA,AI,W,CLRWTR,2
666363,20,2025-05-12,32W,M,GRROND,2:0,25-70670,MY2025,173,U,JV,0.954,NA,NA,NA,AI,W,GRROND,2
666388,20,2025-05-12,32W,M,IMNAHA,2:0,25-70695,MY2025,185,U,JV,0.852,NA,NA,NA,AI,W,IMNAHA,2
665962,16,2025-04-18,32W,M,GRROND,N:A,25-70269,MY2025,214,U,JV,0.689,NA,NA,NA,AI,W,GRROND,NA
665954,16,2025-04-18,32H,F,SFCLWR,3:0,25-70261,MY2025,188,H,JV,0.971,NA,NA,NA,AI,HNC,CLRWTR,3
666604,21,2025-05-22,32W,F,IMNAHA,1:0,25-70911,MY2025,156,U,JV,0.959,NA,NA,NA,AI,W,IMNAHA,1
666736,24,2025-06-11,32W,F,IMNAHA,3:0,25-71043,MY2025,227,U,JV,0.952,NA,NA,NA,AI,W,IMNAHA,3
664478,21,2025-05-19,32W,NA,NA,NA,NA,MY2025,164,NA,JV,NA,NA,NA,NA,AI,W,NA,NA
666523,20,2025-05-15,32W,F,GRROND,1:0,25-70830,MY2025,146,U,JV,0.7,NA,NA,NA,AI,W,GRROND,1
665941,16,2025-04-17,32W,M,UPSALM,2:0,25-70248,MY2025,167,U,JV,0.911,NA,NA,NA,AI,W,SALMON,2
666340,19,2025-05-09,32W,F,SFCLWR,2:0,25-70647,MY2025,152,U,JV,0.786,NA,NA,NA,AI,W,CLRWTR,2
666690,22,2025-05-29,32W,F,IMNAHA,2:0,25-70997,MY2025,203,U,JV,0.995,NA,NA,NA,AI,W,IMNAHA,2
665719,13,2025-03-28,32W,NA,NA,2:0,25-70025,MY2025,175,NG,JV,NA,NA,NA,NA,AI,W,NA,2
665917,16,2025-04-16,32W,M,LSNAKE,2:0,25-70224,MY2025,163,U,JV,0.987,NA,NA,NA,AI,W,LSNAKE,2
666658,22,2025-05-27,32W,M,MFSALM,3:0,25-70965,MY2025,176,U,JV,0.972,NA,NA,NA,AI,W,SALMON,3
666234,19,2025-05-06,32W,F,SFCLWR,4:0,25-70541,MY2025,174,U,JV,0.833,NA,NA,NA,AI,W,CLRWTR,4
666230,19,2025-05-06,32W,F,LSNAKE,2:0,25-70537,MY2025,153,U,JV,0.338,NA,NA,NA,AI,W,LSNAKE,2
666100,18,2025-05-01,32W,M,MFSALM,3:0,25-70407,MY2025,189,U,JV,0.657,NA,NA,NA,AI,W,SALMON,3
665999,17,2025-04-23,32W,M,LSNAKE,2:0,25-70306,MY2025,154,U,JV,0.722,NA,NA,NA,AI,W,LSNAKE,2
666185,19,2025-05-05,32W,F,MFSALM,3:0,25-70492,MY2025,180,U,JV,0.961,NA,NA,NA,AI,W,SALMON,3
666244,19,2025-05-06,32W,F,UPCLWR,3:0,25-70551,MY2025,178,U,JV,0.999,NA,NA,NA,AI,W,CLRWTR,3
666194,19,2025-05-05,32W,F,IMNAHA,3:0,25-70501,MY2025,195,U,JV,0.751,NA,NA,NA,AI,W,IMNAHA,3
665802,15,2025-04-08,32W,F,UPCLWR,2:0,25-70108,MY2025,196,U,JV,0.975,NA,NA,NA,AI,W,CLRWTR,2
665884,16,2025-04-15,32W,F,UPCLWR,2:0,25-70191,MY2025,174,U,JV,0.999,NA,NA,NA,AI,W,CLRWTR,2
666318,19,2025-05-08,32W,M,GRROND,1:0,25-70625,MY2025,165,U,JV,0.414,NA,NA,NA,AI,W,GRROND,1
665995,17,2025-04-22,32W,F,MFSALM,2:0,25-70302,MY2025,171,U,JV,0.519,NA,NA,NA,AI,W,SALMON,2
666166,18,2025-05-02,32W,M,UPCLWR,2:0,25-70473,MY2025,153,U,JV,0.998,NA,NA,NA,AI,W,CLRWTR,2
666354,20,2025-05-12,32W,F,MFSALM,2:0,25-70661,MY2025,189,U,JV,0.994,NA,NA,NA,AI,W,SALMON,2
666395,20,2025-05-12,32W,M,UPSALM,N:A,25-70702,MY2025,176,U,JV,0.553,NA,NA,NA,AI,W,SALMON,NA
666402,20,2025-05-12,32W,M,UPSALM,2:0,25-70709,MY2025,169,U,JV,0.497,NA,NA,NA,AI,W,SALMON,2
666210,19,2025-05-05,32W,F,IMNAHA,2:0,25-70517,MY2025,180,U,JV,0.685,NA,NA,NA,AI,W,IMNAHA,2
666122,18,2025-05-01,32W,M,UPCLWR,3:0,25-70429,MY2025,180,U,JV,0.998,NA,NA,NA,AI,W,CLRWTR,3
665762,14,2025-04-02,32W,F,GRROND,2:0,25-70068,MY2025,191,U,JV,0.912,NA,NA,NA,AI,W,GRROND,2
666280,19,2025-05-07,32W,F,LSNAKE,2:0,25-70587,MY2025,205,U,JV,0.557,NA,NA,NA,AI,W,LSNAKE,2
666226,19,2025-05-06,32W,F,UPSALM,2:0,25-70533,MY2025,197,U,JV,0.691,NA,NA,NA,AI,W,SALMON,2
666729,23,2025-06-06,32W,F,IMNAHA,2:0,25-71036,MY2025,174,U,JV,0.779,NA,NA,NA,AI,W,IMNAHA,2
666074,18,2025-04-30,32W,M,IMNAHA,2:0,25-70381,MY2025,189,U,JV,0.61,NA,NA,NA,AI,W,IMNAHA,2
666506,20,2025-05-14,32W,M,GRROND,2:0,25-70813,MY2025,169,U,JV,0.539,NA,NA,NA,AI,W,GRROND,2
666507,20,2025-05-14,32W,M,SFCLWR,2:0,25-70814,MY2025,154,U,JV,0.749,NA,NA,NA,AI,W,CLRWTR,2
666272,19,2025-05-07,32W,F,LSNAKE,2:0,25-70579,MY2025,168,U,JV,0.599,NA,NA,NA,AI,W,LSNAKE,2
666207,19,2025-05-05,32W,F,UPCLWR,3:0,25-70514,MY2025,175,U,JV,0.794,NA,NA,NA,AI,W,CLRWTR,3
666665,22,2025-05-29,32W,F,IMNAHA,2:0,25-70972,MY2025,157,U,JV,0.898,NA,NA,NA,AI,W,IMNAHA,2
665895,16,2025-04-15,32W,M,SFSALM,3:0,25-70202,MY2025,176,U,JV,0.995,NA,NA,NA,AI,W,SALMON,3
666095,18,2025-04-30,32W,F,LSNAKE,2:0,25-70402,MY2025,171,U,JV,0.851,NA,NA,NA,AI,W,LSNAKE,2
665839,15,2025-04-11,32W,F,UPCLWR,2:0,25-70145,MY2025,187,U,JV,0.974,NA,NA,NA,AI,W,CLRWTR,2
666143,18,2025-05-02,32W,F,GRROND,2:0,25-70450,MY2025,201,U,JV,0.92,NA,NA,NA,AI,W,GRROND,2
666361,20,2025-05-12,32W,F,UPSALM,3:0,25-70668,MY2025,170,U,JV,0.58,NA,NA,NA,AI,W,SALMON,3
665744,14,2025-03-31,32W,F,SFCLWR,2:0,25-70050,MY2025,185,U,JV,0.999,NA,NA,NA,AI,W,CLRWTR,2
666137,18,2025-05-02,32W,F,UPCLWR,3:0,25-70444,MY2025,188,U,JV,0.715,NA,NA,NA,AI,W,CLRWTR,3
666135,18,2025-05-02,32W,M,UPCLWR,3:0,25-70442,MY2025,171,U,JV,0.985,NA,NA,NA,AI,W,CLRWTR,3
664476,20,2025-05-14,32W,NA,NA,NA,NA,MY2025,184,NA,JV,NA,NA,NA,NA,AI,W,NA,NA
666515,20,2025-05-15,32W,F,UPSALM,4:0,25-70822,MY2025,193,U,JV,0.903,NA,NA,NA,AI,W,SALMON,4
666516,20,2025-05-15,32W,F,LSNAKE,2:0,25-70823,MY2025,169,U,JV,0.853,NA,NA,NA,AI,W,LSNAKE,2
665835,15,2025-04-11,32W,M,UPCLWR,2:0,25-70141,MY2025,153,U,JV,0.998,NA,NA,NA,AI,W,CLRWTR,2
666496,20,2025-05-14,32W,F,GRROND,2:0,25-70803,MY2025,176,U,JV,0.504,NA,NA,NA,AI,W,GRROND,2
666653,22,2025-05-27,32W,M,MFSALM,2:0,25-70960,MY2025,168,U,JV,0.362,NA,NA,NA,AI,W,SALMON,2
666655,22,2025-05-27,32W,F,GRROND,2:0,25-70962,MY2025,178,U,JV,0.6,NA,NA,NA,AI,W,GRROND,2
666142,18,2025-05-02,32W,M,MFSALM,3:0,25-70449,MY2025,179,U,JV,0.906,NA,NA,NA,AI,W,SALMON,3
666158,18,2025-05-02,32W,M,UPCLWR,2:0,25-70465,MY2025,159,U,JV,0.726,NA,NA,NA,AI,W,CLRWTR,2
666155,18,2025-05-02,32W,F,LSNAKE,3:0,25-70462,MY2025,197,U,JV,0.468,NA,NA,NA,AI,W,LSNAKE,3
666172,18,2025-05-02,32W,M,GRROND,2:0,25-70479,MY2025,192,U,JV,0.651,NA,NA,NA,AI,W,GRROND,2
665854,16,2025-04-14,32W,M,SFCLWR,2:0,25-70161,MY2025,160,U,JV,0.999,NA,NA,NA,AI,W,CLRWTR,2
665937,16,2025-04-17,32W,F,UPCLWR,3:0,25-70244,MY2025,184,U,JV,0.494,NA,NA,NA,AI,W,CLRWTR,3
665739,14,2025-03-31,32W,F,GRROND,2:0,25-70045,MY2025,197,U,JV,0.555,NA,NA,NA,AI,W,GRROND,2
666299,19,2025-05-08,32W,F,GRROND,2:0,25-70606,MY2025,191,U,JV,0.568,NA,NA,NA,AI,W,GRROND,2
666745,24,2025-06-13,32W,F,GRROND,3:0,25-71052,MY2025,202,U,JV,0.654,NA,NA,NA,AI,W,GRROND,3
666436,20,2025-05-12,32W,M,MFSALM,2:0,25-70743,MY2025,165,U,JV,0.999,NA,NA,NA,AI,W,SALMON,2
666159,18,2025-05-02,32W,M,SFCLWR,3:0,25-70466,MY2025,178,U,JV,0.85,NA,NA,NA,AI,W,CLRWTR,3
665867,16,2025-04-14,32W,F,UPCLWR,3:0,25-70174,MY2025,169,U,JV,0.999,NA,NA,NA,AI,W,CLRWTR,3
665869,16,2025-04-14,32W,F,GRROND,2:0,25-70176,MY2025,225,U,JV,0.931,NA,NA,NA,AI,W,GRROND,2
666059,18,2025-04-29,32W,M,GRROND,1:0,25-70366,MY2025,155,U,JV,0.566,NA,NA,NA,AI,W,GRROND,1
666600,21,2025-05-21,32W,F,GRROND,2:0,25-70907,MY2025,205,U,JV,0.737,NA,NA,NA,AI,W,GRROND,2
665849,15,2025-04-11,32W,F,UPSALM,3:0,25-70155,MY2025,217,U,JV,0.409,NA,NA,NA,AI,W,SALMON,3
666331,19,2025-05-09,32W,F,UPSALM,2:0,25-70638,MY2025,165,U,JV,0.964,NA,NA,NA,AI,W,SALMON,2
665902,16,2025-04-15,32W,F,GRROND,3:0,25-70209,MY2025,194,U,JV,0.962,NA,NA,NA,AI,W,GRROND,3
664479,21,2025-05-19,32W,NA,NA,NA,NA,MY2025,155,NA,JV,NA,NA,NA,NA,AI,W,NA,NA
666037,17,2025-04-25,32W,F,LSNAKE,2:0,25-70344,MY2025,153,U,JV,0.773,NA,NA,NA,AI,W,LSNAKE,2
665822,15,2025-04-09,32W,F,UPSALM,4:0,25-70128,MY2025,202,U,JV,0.401,NA,NA,NA,AI,W,SALMON,4
665887,16,2025-04-15,32W,M,UPSALM,3:0,25-70194,MY2025,229,U,JV,0.983,NA,NA,NA,AI,W,SALMON,3
665708,13,2025-03-27,32W,F,GRROND,2:0,25-70014,MY2025,228,U,JV,0.974,NA,NA,NA,AI,W,GRROND,2
665877,16,2025-04-15,32W,F,SFCLWR,2:0,25-70184,MY2025,184,U,JV,0.994,NA,NA,NA,AI,W,CLRWTR,2
665705,13,2025-03-27,32W,M,UPSALM,2:0,25-70011,MY2025,233,U,JV,0.416,NA,NA,NA,AI,W,SALMON,2
665717,13,2025-03-28,32W,F,GRROND,3:0,25-70023,MY2025,222,U,JV,0.722,NA,NA,NA,AI,W,GRROND,3
666078,18,2025-04-30,32W,F,LSNAKE,2:0,25-70385,MY2025,178,U,JV,0.444,NA,NA,NA,AI,W,LSNAKE,2
666003,17,2025-04-23,32W,M,LOCLWR,2:0,25-70310,MY2025,151,U,JV,0.738,NA,NA,NA,AI,W,CLRWTR,2
665984,17,2025-04-22,32W,M,LSNAKE,2:0,25-70291,MY2025,165,U,JV,0.53,NA,NA,NA,AI,W,LSNAKE,2
665933,16,2025-04-17,32W,F,SFSALM,3:0,25-70240,MY2025,182,U,JV,0.999,NA,NA,NA,AI,W,SALMON,3
665749,14,2025-03-31,32W,F,UPCLWR,3:0,25-70055,MY2025,175,U,JV,0.999,NA,NA,NA,AI,W,CLRWTR,3
665883,16,2025-04-15,32W,F,IMNAHA,3:0,25-70190,MY2025,192,U,JV,0.838,NA,NA,NA,AI,W,IMNAHA,3
666195,19,2025-05-05,32W,F,LSNAKE,3:0,25-70502,MY2025,173,U,JV,0.851,NA,NA,NA,AI,W,LSNAKE,3
665790,15,2025-04-07,32W,F,UPSALM,2:0,25-70096,MY2025,147,U,JV,0.445,NA,NA,NA,AI,W,SALMON,2
666040,17,2025-04-25,32W,F,MFSALM,3:0,25-70347,MY2025,170,U,JV,0.639,NA,NA,NA,AI,W,SALMON,3
666212,19,2025-05-05,32W,F,UPSALM,2:0,25-70519,MY2025,166,U,JV,0.541,NA,NA,NA,AI,W,SALMON,2
665789,14,2025-04-04,32W,M,UPCLWR,3:0,25-70095,MY2025,198,U,JV,0.999,NA,NA,NA,AI,W,CLRWTR,3
666156,18,2025-05-02,32W,F,GRROND,2:0,25-70463,MY2025,176,U,JV,0.822,NA,NA,NA,AI,W,GRROND,2
665925,16,2025-04-17,32W,M,GRROND,2:0,25-70232,MY2025,185,U,JV,0.602,NA,NA,NA,AI,W,GRROND,2
666277,19,2025-05-07,32W,F,GRROND,1:0,25-70584,MY2025,175,U,JV,0.365,NA,NA,NA,AI,W,GRROND,1
666218,19,2025-05-05,32W,M,UPCLWR,3:0,25-70525,MY2025,178,U,JV,0.999,NA,NA,NA,AI,W,CLRWTR,3
666263,19,2025-05-07,32W,M,GRROND,2:0,25-70570,MY2025,199,U,JV,0.646,NA,NA,NA,AI,W,GRROND,2
666170,18,2025-05-02,32W,F,UPCLWR,2:0,25-70477,MY2025,170,U,JV,0.783,NA,NA,NA,AI,W,CLRWTR,2
665734,14,2025-03-31,32W,F,SFCLWR,2:0,25-70040,MY2025,185,U,JV,0.943,NA,NA,NA,AI,W,CLRWTR,2
665761,14,2025-04-02,32W,M,UPCLWR,2:0,25-70067,MY2025,158,U,JV,0.985,NA,NA,NA,AI,W,CLRWTR,2
666504,20,2025-05-14,32W,M,UPSALM,3:0,25-70811,MY2025,158,U,JV,0.82,NA,NA,NA,AI,W,SALMON,3
665958,16,2025-04-18,32W,M,LSNAKE,2:0,25-70265,MY2025,168,U,JV,0.639,NA,NA,NA,AI,W,LSNAKE,2
666608,21,2025-05-22,32W,F,SFCLWR,2:0,25-70915,MY2025,168,U,JV,0.75,NA,NA,NA,AI,W,CLRWTR,2
665906,16,2025-04-16,32W,F,SFSALM,3:0,25-70213,MY2025,169,U,JV,0.799,NA,NA,NA,AI,W,SALMON,3
666413,20,2025-05-12,32W,F,SFCLWR,1:0,25-70720,MY2025,190,U,JV,0.907,NA,NA,NA,AI,W,CLRWTR,1
666427,20,2025-05-12,32W,F,GRROND,2:0,25-70734,MY2025,164,U,JV,0.833,NA,NA,NA,AI,W,GRROND,2
666407,20,2025-05-12,32W,F,GRROND,2:0,25-70714,MY2025,174,U,JV,0.394,NA,NA,NA,AI,W,GRROND,2
666623,21,2025-05-23,32W,F,LSNAKE,2:0,25-70930,MY2025,176,U,JV,0.577,NA,NA,NA,AI,W,LSNAKE,2
666209,19,2025-05-05,32W,M,SFSALM,2:0,25-70516,MY2025,180,U,JV,0.999,NA,NA,NA,AI,W,SALMON,2
666357,20,2025-05-12,32W,M,GRROND,2:0,25-70664,MY2025,188,U,JV,0.927,NA,NA,NA,AI,W,GRROND,2
666640,22,2025-05-26,32W,F,LSNAKE,2:0,25-70947,MY2025,160,U,JV,0.762,NA,NA,NA,AI,W,LSNAKE,2
666419,20,2025-05-12,32W,F,LSNAKE,2:0,25-70726,MY2025,192,U,JV,0.536,NA,NA,NA,AI,W,LSNAKE,2
666114,18,2025-05-01,32W,F,IMNAHA,2:0,25-70421,MY2025,165,U,JV,0.783,NA,NA,NA,AI,W,IMNAHA,2
666113,18,2025-05-01,32W,M,UPCLWR,3:0,25-70420,MY2025,163,U,JV,0.993,NA,NA,NA,AI,W,CLRWTR,3
666509,20,2025-05-14,32W,F,MFSALM,2:0,25-70816,MY2025,186,U,JV,0.974,NA,NA,NA,AI,W,SALMON,2
665903,16,2025-04-15,32W,F,SFCLWR,3:0,25-70210,MY2025,195,U,JV,0.98,NA,NA,NA,AI,W,CLRWTR,3
666695,22,2025-05-30,32W,F,GRROND,2:0,25-71002,MY2025,213,U,JV,0.996,NA,NA,NA,AI,W,GRROND,2
666376,20,2025-05-12,32W,F,IMNAHA,2:0,25-70683,MY2025,156,U,JV,0.765,NA,NA,NA,AI,W,IMNAHA,2
665792,15,2025-04-07,32W,F,LSNAKE,3:0,25-70098,MY2025,322,U,JV,0.423,NA,NA,NA,AI,W,LSNAKE,3
666455,20,2025-05-13,32W,F,UPCLWR,2:0,25-70762,MY2025,170,U,JV,0.997,NA,NA,NA,AI,W,CLRWTR,2
665701,13,2025-03-27,32W,M,GRROND,2:0,25-70007,MY2025,173,U,JV,0.423,NA,NA,NA,AI,W,GRROND,2
666153,18,2025-05-02,32W,M,UPCLWR,3:0,25-70460,MY2025,181,U,JV,0.999,NA,NA,NA,AI,W,CLRWTR,3
666151,18,2025-05-02,32W,F,GRROND,2:0,25-70458,MY2025,177,U,JV,0.631,NA,NA,NA,AI,W,GRROND,2
665935,16,2025-04-17,32W,F,UPSALM,2:0,25-70242,MY2025,182,U,JV,0.995,NA,NA,NA,AI,W,SALMON,2
666012,17,2025-04-24,32W,F,LSNAKE,2:0,25-70319,MY2025,168,U,JV,0.76,NA,NA,NA,AI,W,LSNAKE,2
666326,19,2025-05-09,32W,F,UPCLWR,2:0,25-70633,MY2025,158,U,JV,0.999,NA,NA,NA,AI,W,CLRWTR,2
665948,16,2025-04-18,32W,M,UPSALM,2:0,25-70255,MY2025,174,U,JV,0.759,NA,NA,NA,AI,W,SALMON,2
666033,17,2025-04-25,32W,F,GRROND,3:0,25-70340,MY2025,200,U,JV,0.705,NA,NA,NA,AI,W,GRROND,3
666092,18,2025-04-30,32W,F,SFCLWR,2:0,25-70399,MY2025,170,U,JV,0.915,NA,NA,NA,AI,W,CLRWTR,2
665911,16,2025-04-16,32W,F,MFSALM,3:0,25-70218,MY2025,202,U,JV,0.999,NA,NA,NA,AI,W,SALMON,3
666497,20,2025-05-14,32W,F,GRROND,2:0,25-70804,MY2025,234,U,JV,0.979,NA,NA,NA,AI,W,GRROND,2
666511,20,2025-05-14,32H,F,SFCLWR,2:0,25-70818,MY2025,192,H,JV,0.995,NA,NA,NA,AI,HNC,CLRWTR,2
665852,16,2025-04-14,32W,F,GRROND,2:0,25-70158,MY2025,138,U,JV,0.484,NA,NA,NA,AI,W,GRROND,2
666136,18,2025-05-02,32W,M,LSNAKE,2:0,25-70443,MY2025,188,U,JV,0.706,NA,NA,NA,AI,W,LSNAKE,2
666163,18,2025-05-02,32W,F,UPCLWR,3:0,25-70470,MY2025,177,U,JV,0.998,NA,NA,NA,AI,W,CLRWTR,3
666134,18,2025-05-02,32W,M,GRROND,4:0,25-70441,MY2025,197,U,JV,0.597,NA,NA,NA,AI,W,GRROND,4
666138,18,2025-05-02,32W,M,UPCLWR,3:0,25-70445,MY2025,179,U,JV,0.999,NA,NA,NA,AI,W,CLRWTR,3
666654,22,2025-05-27,32W,F,SFSALM,2:0,25-70961,MY2025,184,U,JV,0.539,NA,NA,NA,AI,W,SALMON,2
666325,19,2025-05-09,32W,F,UPSALM,2:0,25-70632,MY2025,169,U,JV,0.563,NA,NA,NA,AI,W,SALMON,2
666219,19,2025-05-05,32W,F,MFSALM,2:0,25-70526,MY2025,197,U,JV,0.999,NA,NA,NA,AI,W,SALMON,2
666337,19,2025-05-09,32W,F,UPSALM,3:0,25-70644,MY2025,181,U,JV,0.635,NA,NA,NA,AI,W,SALMON,3
666528,20,2025-05-16,32W,F,UPCLWR,2:0,25-70835,MY2025,181,U,JV,0.757,NA,NA,NA,AI,W,CLRWTR,2
666073,18,2025-04-30,32W,F,LSNAKE,3:0,25-70380,MY2025,165,U,JV,0.636,NA,NA,NA,AI,W,LSNAKE,3
666020,17,2025-04-24,32W,M,SFSALM,2:0,25-70327,MY2025,190,U,JV,0.977,NA,NA,NA,AI,W,SALMON,2
666060,18,2025-04-29,32W,F,UPSALM,3:0,25-70367,MY2025,204,U,JV,0.411,NA,NA,NA,AI,W,SALMON,3
666430,20,2025-05-12,32H,F,SFCLWR,1:0,25-70737,MY2025,194,H,JV,0.962,NA,NA,NA,AI,HNC,CLRWTR,1
665880,16,2025-04-15,32W,F,GRROND,2:0,25-70187,MY2025,169,U,JV,0.615,NA,NA,NA,AI,W,GRROND,2
666706,22,2025-05-30,32W,F,MFSALM,2:0,25-71013,MY2025,173,U,JV,0.998,NA,NA,NA,AI,W,SALMON,2
665845,15,2025-04-11,32W,F,UPSALM,2:0,25-70151,MY2025,243,U,JV,0.797,NA,NA,NA,AI,W,SALMON,2
666529,20,2025-05-16,32W,F,SFSALM,3:0,25-70836,MY2025,186,U,JV,0.853,NA,NA,NA,AI,W,SALMON,3
666398,20,2025-05-12,32W,M,LOSALM,2:0,25-70705,MY2025,174,U,JV,0.491,NA,NA,NA,AI,W,SALMON,2
666532,20,2025-05-16,32W,F,GRROND,2:0,25-70839,MY2025,154,U,JV,0.468,NA,NA,NA,AI,W,GRROND,2
666110,18,2025-05-01,32W,M,SFCLWR,2:0,25-70417,MY2025,166,U,JV,0.999,NA,NA,NA,AI,W,CLRWTR,2
665926,16,2025-04-17,32W,F,UPSALM,2:0,25-70233,MY2025,228,U,JV,0.991,NA,NA,NA,AI,W,SALMON,2
666452,20,2025-05-13,32W,F,GRROND,2:0,25-70759,MY2025,153,U,JV,0.689,NA,NA,NA,AI,W,GRROND,2
666229,19,2025-05-06,32W,F,LOCLWR,3:0,25-70536,MY2025,174,U,JV,0.611,NA,NA,NA,AI,W,CLRWTR,3
665760,14,2025-04-02,32W,F,UPCLWR,3:0,25-70066,MY2025,178,U,JV,0.999,NA,NA,NA,AI,W,CLRWTR,3
665889,16,2025-04-15,32W,M,LOCLWR,2:0,25-70196,MY2025,166,U,JV,0.523,NA,NA,NA,AI,W,CLRWTR,2
666449,20,2025-05-13,32W,F,UPSALM,2:0,25-70756,MY2025,166,U,JV,0.424,NA,NA,NA,AI,W,SALMON,2
666502,20,2025-05-14,32W,F,UPSALM,2:0,25-70809,MY2025,162,U,JV,0.738,NA,NA,NA,AI,W,SALMON,2
666126,18,2025-05-02,32H,F,UPSALM,2:0,25-70433,MY2025,196,H,JV,0.999,NA,NA,NA,AI,HNC,SALMON,2
665804,15,2025-04-08,32W,F,GRROND,3:0,25-70110,MY2025,186,U,JV,0.997,NA,NA,NA,AI,W,GRROND,3
666425,20,2025-05-12,32W,M,LSNAKE,2:0,25-70732,MY2025,241,U,JV,0.657,NA,NA,NA,AI,W,LSNAKE,2
665814,15,2025-04-08,32W,F,LSNAKE,2:0,25-70120,MY2025,166,U,JV,0.498,NA,NA,NA,AI,W,LSNAKE,2
665806,15,2025-04-08,32W,M,GRROND,4:0,25-70112,MY2025,211,U,JV,0.717,NA,NA,NA,AI,W,GRROND,4
666041,17,2025-04-25,32W,M,SFCLWR,2:0,25-70348,MY2025,162,U,JV,0.999,NA,NA,NA,AI,W,CLRWTR,2
665838,15,2025-04-11,32W,F,LSNAKE,2:0,25-70144,MY2025,184,U,JV,0.662,NA,NA,NA,AI,W,LSNAKE,2
665769,14,2025-04-03,32W,F,SFCLWR,4:0,25-70075,MY2025,203,U,JV,0.964,NA,NA,NA,AI,W,CLRWTR,4
665916,16,2025-04-16,32W,M,SFCLWR,4:0,25-70223,MY2025,198,U,JV,0.884,NA,NA,NA,AI,W,CLRWTR,4
666334,19,2025-05-09,32W,F,LOSALM,2:0,25-70641,MY2025,163,U,JV,0.447,NA,NA,NA,AI,W,SALMON,2
665966,16,2025-04-18,32W,F,LOCLWR,2:0,25-70273,MY2025,173,U,JV,0.412,NA,NA,NA,AI,W,CLRWTR,2
665992,17,2025-04-22,32W,M,GRROND,2:0,25-70299,MY2025,196,U,JV,0.731,NA,NA,NA,AI,W,GRROND,2
666255,19,2025-05-07,32W,M,SFSALM,4:0,25-70562,MY2025,202,U,JV,0.998,NA,NA,NA,AI,W,SALMON,4
666228,19,2025-05-06,32W,F,UPCLWR,3:0,25-70535,MY2025,198,U,JV,0.999,NA,NA,NA,AI,W,CLRWTR,3
666236,19,2025-05-06,32W,M,LSNAKE,3:0,25-70543,MY2025,190,U,JV,0.615,NA,NA,NA,AI,W,LSNAKE,3
666268,19,2025-05-07,32W,F,LSNAKE,2:0,25-70575,MY2025,184,U,JV,0.675,NA,NA,NA,AI,W,LSNAKE,2
666731,24,2025-06-10,32W,M,UPSALM,2:0,25-71038,MY2025,178,U,JV,0.496,NA,NA,NA,AI,W,SALMON,2
666220,19,2025-05-06,32W,F,IMNAHA,2:0,25-70527,MY2025,168,U,JV,0.414,NA,NA,NA,AI,W,IMNAHA,2
666270,19,2025-05-07,32W,F,UPCLWR,2:0,25-70577,MY2025,177,U,JV,0.906,NA,NA,NA,AI,W,CLRWTR,2
666188,19,2025-05-05,32W,F,MFSALM,4:0,25-70495,MY2025,227,U,JV,0.975,NA,NA,NA,AI,W,SALMON,4
666274,19,2025-05-07,32W,F,MFSALM,3:0,25-70581,MY2025,187,U,JV,0.861,NA,NA,NA,AI,W,SALMON,3
666508,20,2025-05-14,32W,F,GRROND,2:0,25-70815,MY2025,173,U,JV,0.693,NA,NA,NA,AI,W,GRROND,2
666491,20,2025-05-14,32W,M,SFSALM,3:0,25-70798,MY2025,177,U,JV,0.999,NA,NA,NA,AI,W,SALMON,3
666493,20,2025-05-14,32W,F,GRROND,3:0,25-70800,MY2025,179,U,JV,0.773,NA,NA,NA,AI,W,GRROND,3
666273,19,2025-05-07,32W,F,MFSALM,3:0,25-70580,MY2025,156,U,JV,0.715,NA,NA,NA,AI,W,SALMON,3
666463,20,2025-05-13,32W,F,GRROND,2:0,25-70770,MY2025,187,U,JV,0.896,NA,NA,NA,AI,W,GRROND,2
666103,18,2025-05-01,32W,F,SFCLWR,1:0,25-70410,MY2025,162,U,JV,0.526,NA,NA,NA,AI,W,CLRWTR,1
666711,23,2025-06-02,32W,F,LSNAKE,2:0,25-71018,MY2025,195,U,JV,0.807,NA,NA,NA,AI,W,LSNAKE,2
666439,20,2025-05-12,32W,NA,NA,1:0,25-70746,MY2025,151,NG,JV,NA,NA,NA,NA,AI,W,NA,1
666541,21,2025-05-19,32H,M,UPCLWR,3:0,25-70848,MY2025,180,H,JV,0.67,NA,NA,NA,AI,HNC,CLRWTR,3
666123,18,2025-05-01,32W,F,UPCLWR,4:0,25-70430,MY2025,168,U,JV,0.999,NA,NA,NA,AI,W,CLRWTR,4
666558,21,2025-05-19,32W,F,SFSALM,2:0,25-70865,MY2025,180,U,JV,0.999,NA,NA,NA,AI,W,SALMON,2
666381,20,2025-05-12,32W,F,UPCLWR,2:0,25-70688,MY2025,191,U,JV,0.997,NA,NA,NA,AI,W,CLRWTR,2
666466,20,2025-05-13,32W,F,LSNAKE,2:0,25-70773,MY2025,196,U,JV,0.512,NA,NA,NA,AI,W,LSNAKE,2
666467,20,2025-05-13,32W,F,GRROND,2:0,25-70774,MY2025,165,U,JV,0.588,NA,NA,NA,AI,W,GRROND,2
666336,19,2025-05-09,32W,M,UPSALM,2:0,25-70643,MY2025,183,U,JV,0.886,NA,NA,NA,AI,W,SALMON,2
666099,18,2025-05-01,32W,F,IMNAHA,4:0,25-70406,MY2025,207,U,JV,0.502,NA,NA,NA,AI,W,IMNAHA,4
666514,20,2025-05-15,32W,M,SFCLWR,1:0,25-70821,MY2025,153,U,JV,0.998,NA,NA,NA,AI,W,CLRWTR,1
666071,18,2025-04-30,32W,F,UPCLWR,2:0,25-70378,MY2025,165,U,JV,0.666,NA,NA,NA,AI,W,CLRWTR,2
666549,21,2025-05-19,32W,M,UPSALM,3:0,25-70856,MY2025,205,U,JV,0.383,NA,NA,NA,AI,W,SALMON,3
666310,19,2025-05-08,32W,F,IMNAHA,2:0,25-70617,MY2025,197,U,JV,0.75,NA,NA,NA,AI,W,IMNAHA,2
666563,21,2025-05-19,32W,F,GRROND,3:0,25-70870,MY2025,172,U,JV,0.53,NA,NA,NA,AI,W,GRROND,3
666602,21,2025-05-22,32W,F,IMNAHA,2:0,25-70909,MY2025,162,U,JV,0.985,NA,NA,NA,AI,W,IMNAHA,2
665914,16,2025-04-16,32W,F,GRROND,2:0,25-70221,MY2025,181,U,JV,0.853,NA,NA,NA,AI,W,GRROND,2
665915,16,2025-04-16,32W,F,SFSALM,3:0,25-70222,MY2025,186,U,JV,0.51,NA,NA,NA,AI,W,SALMON,3
666668,22,2025-05-29,32W,F,SFCLWR,2:0,25-70975,MY2025,197,U,JV,0.988,NA,NA,NA,AI,W,CLRWTR,2
666423,20,2025-05-12,32W,F,IMNAHA,2:0,25-70730,MY2025,200,U,JV,0.483,NA,NA,NA,AI,W,IMNAHA,2
666390,20,2025-05-12,32W,M,GRROND,2:0,25-70697,MY2025,180,U,JV,0.914,NA,NA,NA,AI,W,GRROND,2
666364,20,2025-05-12,32W,F,GRROND,2:0,25-70671,MY2025,170,U,JV,0.969,NA,NA,NA,AI,W,GRROND,2
666181,19,2025-05-05,32W,M,GRROND,1:0,25-70488,MY2025,152,U,JV,0.549,NA,NA,NA,AI,W,GRROND,1
666265,19,2025-05-07,32W,F,MFSALM,2:0,25-70572,MY2025,174,U,JV,0.999,NA,NA,NA,AI,W,SALMON,2
666239,19,2025-05-06,32W,F,GRROND,4:0,25-70546,MY2025,182,U,JV,0.602,NA,NA,NA,AI,W,GRROND,4
666241,19,2025-05-06,32W,M,SFCLWR,2:0,25-70548,MY2025,169,U,JV,0.96,NA,NA,NA,AI,W,CLRWTR,2
666242,19,2025-05-06,32W,M,UPCLWR,3:0,25-70549,MY2025,224,U,JV,0.797,NA,NA,NA,AI,W,CLRWTR,3
666257,19,2025-05-07,32W,M,UPSALM,2:0,25-70564,MY2025,159,U,JV,0.765,NA,NA,NA,AI,W,SALMON,2
665721,13,2025-03-28,32W,F,SFCLWR,2:0,25-70027,MY2025,209,U,JV,0.998,NA,NA,NA,AI,W,CLRWTR,2
666712,23,2025-06-02,32W,F,LSNAKE,2:0,25-71019,MY2025,206,U,JV,0.852,NA,NA,NA,AI,W,LSNAKE,2
666010,17,2025-04-23,32W,F,UPCLWR,3:0,25-70317,MY2025,200,U,JV,0.985,NA,NA,NA,AI,W,CLRWTR,3
666171,18,2025-05-02,32W,M,UPCLWR,2:0,25-70478,MY2025,150,U,JV,0.927,NA,NA,NA,AI,W,CLRWTR,2
666378,20,2025-05-12,32W,F,UPSALM,2:0,25-70685,MY2025,176,U,JV,0.699,NA,NA,NA,AI,W,SALMON,2
666396,20,2025-05-12,32W,M,LSNAKE,2:0,25-70703,MY2025,173,U,JV,0.711,NA,NA,NA,AI,W,LSNAKE,2
666421,20,2025-05-12,32W,F,LOSALM,2:0,25-70728,MY2025,180,U,JV,0.654,NA,NA,NA,AI,W,SALMON,2
666410,20,2025-05-12,32W,F,GRROND,3:0,25-70717,MY2025,167,U,JV,0.666,NA,NA,NA,AI,W,GRROND,3
666076,18,2025-04-30,32W,M,IMNAHA,2:0,25-70383,MY2025,172,U,JV,0.531,NA,NA,NA,AI,W,IMNAHA,2
666588,21,2025-05-21,32W,F,SFCLWR,3:0,25-70895,MY2025,162,U,JV,0.989,NA,NA,NA,AI,W,CLRWTR,3
666597,21,2025-05-21,32W,M,GRROND,2:0,25-70904,MY2025,167,U,JV,0.457,NA,NA,NA,AI,W,GRROND,2
666595,21,2025-05-21,32W,F,GRROND,2:0,25-70902,MY2025,163,U,JV,0.404,NA,NA,NA,AI,W,GRROND,2
666279,19,2025-05-07,32W,F,UPCLWR,3:0,25-70586,MY2025,206,U,JV,0.999,NA,NA,NA,AI,W,CLRWTR,3
666146,18,2025-05-02,32W,M,SFSALM,3:0,25-70453,MY2025,204,U,JV,0.627,NA,NA,NA,AI,W,SALMON,3
665894,16,2025-04-15,32W,F,LSNAKE,3:0,25-70201,MY2025,266,U,JV,0.315,NA,NA,NA,AI,W,LSNAKE,3
666606,21,2025-05-22,32W,F,LSNAKE,1:0,25-70913,MY2025,173,U,JV,0.58,NA,NA,NA,AI,W,LSNAKE,1
666610,21,2025-05-23,32W,F,LOSALM,3:0,25-70917,MY2025,185,U,JV,0.982,NA,NA,NA,AI,W,SALMON,3
665899,16,2025-04-15,32W,F,LSNAKE,2:0,25-70206,MY2025,165,U,JV,0.556,NA,NA,NA,AI,W,LSNAKE,2
665989,17,2025-04-22,32W,M,SFSALM,3:0,25-70296,MY2025,207,U,JV,0.996,NA,NA,NA,AI,W,SALMON,3
666323,19,2025-05-08,32W,F,GRROND,2:0,25-70630,MY2025,220,U,JV,0.581,NA,NA,NA,AI,W,GRROND,2
665879,16,2025-04-15,32W,F,UPCLWR,2:0,25-70186,MY2025,158,U,JV,0.999,NA,NA,NA,AI,W,CLRWTR,2
665763,14,2025-04-02,32W,F,GRROND,2:0,25-70069,MY2025,209,U,JV,0.738,NA,NA,NA,AI,W,GRROND,2
666630,22,2025-05-26,32W,F,UPCLWR,1:0,25-70937,MY2025,167,U,JV,0.719,NA,NA,NA,AI,W,CLRWTR,1
666546,21,2025-05-19,32W,F,GRROND,2:0,25-70853,MY2025,162,U,JV,0.912,NA,NA,NA,AI,W,GRROND,2
666038,17,2025-04-25,32W,F,SFSALM,2:0,25-70345,MY2025,175,U,JV,0.946,NA,NA,NA,AI,W,SALMON,2
666692,22,2025-05-29,32W,F,GRROND,2:0,25-70999,MY2025,194,U,JV,0.754,NA,NA,NA,AI,W,GRROND,2
666339,19,2025-05-09,32W,M,GRROND,3:0,25-70646,MY2025,168,U,JV,0.815,NA,NA,NA,AI,W,GRROND,3
666555,21,2025-05-19,32W,M,UPSALM,2:0,25-70862,MY2025,149,U,JV,0.867,NA,NA,NA,AI,W,SALMON,2
666564,21,2025-05-19,32W,F,IMNAHA,2:0,25-70871,MY2025,153,U,JV,0.433,NA,NA,NA,AI,W,IMNAHA,2
666328,19,2025-05-09,32W,M,UPSALM,2:0,25-70635,MY2025,171,U,JV,0.955,NA,NA,NA,AI,W,SALMON,2
666353,19,2025-05-09,32W,F,UPSALM,2:0,25-70660,MY2025,175,U,JV,0.444,NA,NA,NA,AI,W,SALMON,2
666238,19,2025-05-06,32W,M,GRROND,3:0,25-70545,MY2025,207,U,JV,0.522,NA,NA,NA,AI,W,GRROND,3
666245,19,2025-05-06,32W,F,UPCLWR,3:0,25-70552,MY2025,160,U,JV,0.999,NA,NA,NA,AI,W,CLRWTR,3
665783,14,2025-04-03,32W,F,GRROND,2:0,25-70089,MY2025,232,U,JV,0.935,NA,NA,NA,AI,W,GRROND,2
666601,21,2025-05-22,32W,M,UPSALM,N:A,25-70908,MY2025,196,U,JV,0.971,NA,NA,NA,AI,W,SALMON,NA
665975,17,2025-04-21,32W,F,UPSALM,2:0,25-70282,MY2025,189,U,JV,0.55,NA,NA,NA,AI,W,SALMON,2
666259,19,2025-05-07,32W,M,GRROND,2:0,25-70566,MY2025,177,U,JV,0.65,NA,NA,NA,AI,W,GRROND,2
666400,20,2025-05-12,32W,F,IMNAHA,2:0,25-70707,MY2025,172,U,JV,0.52,NA,NA,NA,AI,W,IMNAHA,2
666632,22,2025-05-26,32W,M,GRROND,3:0,25-70939,MY2025,164,U,JV,0.512,NA,NA,NA,AI,W,GRROND,3
666180,19,2025-05-05,32W,F,SFSALM,3:0,25-70487,MY2025,176,U,JV,0.999,NA,NA,NA,AI,W,SALMON,3
666216,19,2025-05-05,32W,M,MFSALM,4:0,25-70523,MY2025,188,U,JV,0.999,NA,NA,NA,AI,W,SALMON,4
666182,19,2025-05-05,32W,M,SFCLWR,2:0,25-70489,MY2025,153,U,JV,0.988,NA,NA,NA,AI,W,CLRWTR,2
666283,19,2025-05-07,32W,M,SFSALM,2:0,25-70590,MY2025,183,U,JV,0.78,NA,NA,NA,AI,W,SALMON,2
666403,20,2025-05-12,32W,M,GRROND,1:0,25-70710,MY2025,145,U,JV,0.664,NA,NA,NA,AI,W,GRROND,1
665808,15,2025-04-08,32W,F,SFSALM,2:0,25-70114,MY2025,163,U,JV,0.968,NA,NA,NA,AI,W,SALMON,2
665930,16,2025-04-17,32W,F,LSNAKE,2:0,25-70237,MY2025,170,U,JV,0.949,NA,NA,NA,AI,W,LSNAKE,2
666047,18,2025-04-28,32W,F,SFCLWR,2:0,25-70354,MY2025,175,U,JV,0.874,NA,NA,NA,AI,W,CLRWTR,2
666448,20,2025-05-13,32W,F,LSNAKE,2:0,25-70755,MY2025,165,U,JV,0.554,NA,NA,NA,AI,W,LSNAKE,2
666647,22,2025-05-27,32W,F,GRROND,1:0,25-70954,MY2025,179,U,JV,0.991,NA,NA,NA,AI,W,GRROND,1
666411,20,2025-05-12,32W,F,MFSALM,2:0,25-70718,MY2025,182,U,JV,0.999,NA,NA,NA,AI,W,SALMON,2
666377,20,2025-05-12,32W,F,GRROND,2:0,25-70684,MY2025,189,U,JV,0.593,NA,NA,NA,AI,W,GRROND,2
666481,20,2025-05-13,32W,F,SFCLWR,2:0,25-70788,MY2025,165,U,JV,0.999,NA,NA,NA,AI,W,CLRWTR,2
666366,20,2025-05-12,32W,M,GRROND,2:0,25-70673,MY2025,194,U,JV,0.615,NA,NA,NA,AI,W,GRROND,2
665881,16,2025-04-15,32W,F,MFSALM,3:0,25-70188,MY2025,232,U,JV,0.999,NA,NA,NA,AI,W,SALMON,3
666405,20,2025-05-12,32W,F,GRROND,2:0,25-70712,MY2025,190,U,JV,0.541,NA,NA,NA,AI,W,GRROND,2
666454,20,2025-05-13,32W,F,SFCLWR,1:0,25-70761,MY2025,147,U,JV,0.683,NA,NA,NA,AI,W,CLRWTR,1
666097,18,2025-05-01,32W,F,UPCLWR,3:0,25-70404,MY2025,171,U,JV,0.999,NA,NA,NA,AI,W,CLRWTR,3
666384,20,2025-05-12,32W,M,SFCLWR,2:0,25-70691,MY2025,167,U,JV,0.998,NA,NA,NA,AI,W,CLRWTR,2
666414,20,2025-05-12,32W,M,GRROND,1:0,25-70721,MY2025,152,U,JV,0.511,NA,NA,NA,AI,W,GRROND,1
665908,16,2025-04-16,32W,F,MFSALM,4:0,25-70215,MY2025,224,U,JV,0.999,NA,NA,NA,AI,W,SALMON,4
666586,21,2025-05-21,32W,F,UPCLWR,2:0,25-70893,MY2025,145,U,JV,0.999,NA,NA,NA,AI,W,CLRWTR,2
666409,20,2025-05-12,32W,M,SFCLWR,1:0,25-70716,MY2025,180,U,JV,0.979,NA,NA,NA,AI,W,CLRWTR,1
665799,15,2025-04-08,32W,F,SFSALM,3:0,25-70105,MY2025,183,U,JV,0.988,NA,NA,NA,AI,W,SALMON,3
666214,19,2025-05-05,32W,F,LSNAKE,2:0,25-70521,MY2025,172,U,JV,0.73,NA,NA,NA,AI,W,LSNAKE,2
665967,16,2025-04-18,32W,F,GRROND,2:0,25-70274,MY2025,172,U,JV,0.882,NA,NA,NA,AI,W,GRROND,2
666289,19,2025-05-08,32W,M,GRROND,3:0,25-70596,MY2025,178,U,JV,0.521,NA,NA,NA,AI,W,GRROND,3
666708,22,2025-05-30,32W,M,GRROND,1:0,25-71015,MY2025,175,U,JV,0.975,NA,NA,NA,AI,W,GRROND,1
665753,14,2025-04-02,32H,F,GRROND,3:0,25-70059,MY2025,186,U,JV,0.834,NA,NA,NA,AI,HNC,GRROND,3
666276,19,2025-05-07,32W,F,SFCLWR,2:0,25-70583,MY2025,195,U,JV,0.999,NA,NA,NA,AI,W,CLRWTR,2
666278,19,2025-05-07,32W,F,UPCLWR,3:0,25-70585,MY2025,168,U,JV,0.999,NA,NA,NA,AI,W,CLRWTR,3
665947,16,2025-04-18,32W,F,UPCLWR,4:0,25-70254,MY2025,177,U,JV,0.999,NA,NA,NA,AI,W,CLRWTR,4
666593,21,2025-05-21,32W,F,SFCLWR,1:0,25-70900,MY2025,180,U,JV,0.995,NA,NA,NA,AI,W,CLRWTR,1
666725,23,2025-06-04,32W,F,GRROND,2:0,25-71032,MY2025,184,U,JV,0.934,NA,NA,NA,AI,W,GRROND,2
666510,20,2025-05-14,32W,M,GRROND,2:0,25-70817,MY2025,197,U,JV,0.893,NA,NA,NA,AI,W,GRROND,2
666560,21,2025-05-19,32W,F,GRROND,1:0,25-70867,MY2025,165,U,JV,0.646,NA,NA,NA,AI,W,GRROND,1
666559,21,2025-05-19,32W,F,UPCLWR,3:0,25-70866,MY2025,179,U,JV,0.877,NA,NA,NA,AI,W,CLRWTR,3
666495,20,2025-05-14,32W,F,SFCLWR,3:0,25-70802,MY2025,203,U,JV,0.99,NA,NA,NA,AI,W,CLRWTR,3
666053,18,2025-04-29,32W,F,SFCLWR,2:0,25-70360,MY2025,167,U,JV,0.588,NA,NA,NA,AI,W,CLRWTR,2
666369,20,2025-05-12,32W,M,GRROND,2:0,25-70676,MY2025,224,U,JV,0.255,NA,NA,NA,AI,W,GRROND,2
666394,20,2025-05-12,32W,F,GRROND,2:0,25-70701,MY2025,195,U,JV,0.365,NA,NA,NA,AI,W,GRROND,2
666639,22,2025-05-26,32W,F,MFSALM,2:0,25-70946,MY2025,171,U,JV,0.641,NA,NA,NA,AI,W,SALMON,2
666291,19,2025-05-08,32W,F,UPSALM,2:0,25-70598,MY2025,190,U,JV,0.76,NA,NA,NA,AI,W,SALMON,2
666309,19,2025-05-08,32W,F,LSNAKE,2:0,25-70616,MY2025,189,U,JV,0.644,NA,NA,NA,AI,W,LSNAKE,2
666160,18,2025-05-02,32W,F,UPCLWR,3:0,25-70467,MY2025,164,U,JV,0.998,NA,NA,NA,AI,W,CLRWTR,3
665774,14,2025-04-03,32W,F,LSNAKE,2:0,25-70080,MY2025,159,U,JV,0.546,NA,NA,NA,AI,W,LSNAKE,2
666039,17,2025-04-25,32W,F,UPCLWR,3:0,25-70346,MY2025,204,U,JV,0.998,NA,NA,NA,AI,W,CLRWTR,3
666657,22,2025-05-27,32W,F,SFCLWR,3:0,25-70964,MY2025,200,U,JV,0.992,NA,NA,NA,AI,W,CLRWTR,3
666667,22,2025-05-29,32W,F,UPCLWR,2:0,25-70974,MY2025,158,U,JV,0.686,NA,NA,NA,AI,W,CLRWTR,2
665836,15,2025-04-11,32W,F,GRROND,2:0,25-70142,MY2025,170,U,JV,0.924,NA,NA,NA,AI,W,GRROND,2
665971,16,2025-04-18,32W,F,MFSALM,3:0,25-70278,MY2025,171,U,JV,0.999,NA,NA,NA,AI,W,SALMON,3
666609,21,2025-05-22,32W,F,IMNAHA,2:0,25-70916,MY2025,194,U,JV,0.493,NA,NA,NA,AI,W,IMNAHA,2
665956,16,2025-04-18,32W,F,SFSALM,N:A,25-70263,MY2025,227,U,JV,0.564,NA,NA,NA,AI,W,SALMON,NA
666352,19,2025-05-09,32W,F,GRROND,2:0,25-70659,MY2025,185,U,JV,0.812,NA,NA,NA,AI,W,GRROND,2
666343,19,2025-05-09,32W,F,MFSALM,3:0,25-70650,MY2025,209,U,JV,0.991,NA,NA,NA,AI,W,SALMON,3
666681,22,2025-05-29,32W,M,UPSALM,2:0,25-70988,MY2025,155,U,JV,0.784,NA,NA,NA,AI,W,SALMON,2
666193,19,2025-05-05,32W,F,SFCLWR,2:0,25-70500,MY2025,172,U,JV,0.999,NA,NA,NA,AI,W,CLRWTR,2
666252,19,2025-05-07,32W,M,SFCLWR,3:0,25-70559,MY2025,215,U,JV,0.993,NA,NA,NA,AI,W,CLRWTR,3
666342,19,2025-05-09,32W,F,UPSALM,1:0,25-70649,MY2025,160,U,JV,0.759,NA,NA,NA,AI,W,SALMON,1
666098,18,2025-05-01,32W,F,UPCLWR,3:0,25-70405,MY2025,175,U,JV,0.999,NA,NA,NA,AI,W,CLRWTR,3
666314,19,2025-05-08,32W,M,UPCLWR,3:0,25-70621,MY2025,176,U,JV,0.989,NA,NA,NA,AI,W,CLRWTR,3
666315,19,2025-05-08,32W,F,LOSALM,2:0,25-70622,MY2025,149,U,JV,0.416,NA,NA,NA,AI,W,SALMON,2
666308,19,2025-05-08,32W,F,GRROND,2:0,25-70615,MY2025,223,U,JV,0.926,NA,NA,NA,AI,W,GRROND,2
666525,20,2025-05-15,32W,F,GRROND,3:0,25-70832,MY2025,187,U,JV,0.541,NA,NA,NA,AI,W,GRROND,3
666646,22,2025-05-27,32W,F,GRROND,1:0,25-70953,MY2025,185,U,JV,0.938,NA,NA,NA,AI,W,GRROND,1
666347,19,2025-05-09,32W,M,GRROND,3:0,25-70654,MY2025,180,U,JV,0.542,NA,NA,NA,AI,W,GRROND,3
666684,22,2025-05-29,32W,F,GRROND,2:0,25-70991,MY2025,163,U,JV,0.954,NA,NA,NA,AI,W,GRROND,2
665893,16,2025-04-15,32W,F,UPCLWR,3:0,25-70200,MY2025,164,U,JV,0.98,NA,NA,NA,AI,W,CLRWTR,3
666131,18,2025-05-02,32W,F,GRROND,2:0,25-70438,MY2025,147,U,JV,0.983,NA,NA,NA,AI,W,GRROND,2
665797,15,2025-04-08,32W,F,SFCLWR,2:0,25-70103,MY2025,221,U,JV,0.997,NA,NA,NA,AI,W,CLRWTR,2
665896,16,2025-04-15,32W,F,IMNAHA,2:0,25-70203,MY2025,231,U,JV,0.776,NA,NA,NA,AI,W,IMNAHA,2
665907,16,2025-04-16,32W,F,UPCLWR,3:0,25-70214,MY2025,187,U,JV,0.991,NA,NA,NA,AI,W,CLRWTR,3
666356,20,2025-05-12,32W,F,MFSALM,2:0,25-70663,MY2025,165,U,JV,0.999,NA,NA,NA,AI,W,SALMON,2
666359,20,2025-05-12,32W,F,UPCLWR,2:0,25-70666,MY2025,161,U,JV,0.983,NA,NA,NA,AI,W,CLRWTR,2
666302,19,2025-05-08,32W,F,GRROND,2:0,25-70609,MY2025,232,U,JV,0.922,NA,NA,NA,AI,W,GRROND,2
666191,19,2025-05-05,32W,F,UPSALM,3:0,25-70498,MY2025,184,U,JV,0.52,NA,NA,NA,AI,W,SALMON,3
666116,18,2025-05-01,32W,F,GRROND,4:0,25-70423,MY2025,205,U,JV,0.787,NA,NA,NA,AI,W,GRROND,4
666249,19,2025-05-07,32W,F,SFSALM,N:A,25-70556,MY2025,203,U,JV,0.466,NA,NA,NA,AI,W,SALMON,NA
666215,19,2025-05-05,32W,M,SFCLWR,2:0,25-70522,MY2025,160,U,JV,0.925,NA,NA,NA,AI,W,CLRWTR,2
666465,20,2025-05-13,32W,F,GRROND,1:0,25-70772,MY2025,178,U,JV,0.368,NA,NA,NA,AI,W,GRROND,1
666189,19,2025-05-05,32W,F,LSNAKE,4:0,25-70496,MY2025,175,U,JV,0.541,NA,NA,NA,AI,W,LSNAKE,4
665891,16,2025-04-15,32W,F,IMNAHA,2:0,25-70198,MY2025,213,U,JV,0.753,NA,NA,NA,AI,W,IMNAHA,2
666471,20,2025-05-13,32W,M,GRROND,NA,25-70778,MY2025,189,U,JV,0.348,NA,NA,NA,AI,W,GRROND,NA
666253,19,2025-05-07,32W,F,SFCLWR,2:0,25-70560,MY2025,161,U,JV,0.478,NA,NA,NA,AI,W,CLRWTR,2
666017,17,2025-04-24,32W,M,UPCLWR,3:0,25-70324,MY2025,184,U,JV,0.893,NA,NA,NA,AI,W,CLRWTR,3
666633,22,2025-05-26,32W,M,GRROND,2:0,25-70940,MY2025,188,U,JV,0.711,NA,NA,NA,AI,W,GRROND,2
665796,15,2025-04-08,32W,F,IMNAHA,3:0,25-70102,MY2025,209,U,JV,0.986,NA,NA,NA,AI,W,IMNAHA,3
666383,20,2025-05-12,32W,F,UPSALM,2:0,25-70690,MY2025,165,U,JV,0.399,NA,NA,NA,AI,W,SALMON,2
666117,18,2025-05-01,32W,F,SFSALM,N:A,25-70424,MY2025,178,U,JV,0.782,NA,NA,NA,AI,W,SALMON,NA
666565,21,2025-05-19,32W,F,GRROND,3:0,25-70872,MY2025,205,U,JV,0.612,NA,NA,NA,AI,W,GRROND,3
666537,21,2025-05-19,32W,M,UPSALM,2:0,25-70844,MY2025,173,U,JV,0.654,NA,NA,NA,AI,W,SALMON,2
665754,14,2025-04-02,32W,F,UPCLWR,3:0,25-70060,MY2025,185,U,JV,0.999,NA,NA,NA,AI,W,CLRWTR,3
666373,20,2025-05-12,32H,F,SFCLWR,2:0,25-70680,MY2025,190,H,JV,0.845,NA,NA,NA,AI,HNC,CLRWTR,2
666544,21,2025-05-19,32W,M,MFSALM,2:0,25-70851,MY2025,166,U,JV,0.532,NA,NA,NA,AI,W,SALMON,2
666102,18,2025-05-01,32W,F,UPCLWR,2:0,25-70409,MY2025,143,U,JV,0.931,NA,NA,NA,AI,W,CLRWTR,2
666199,19,2025-05-05,32W,F,UPCLWR,3:0,25-70506,MY2025,176,U,JV,0.999,NA,NA,NA,AI,W,CLRWTR,3
665766,14,2025-04-02,32W,M,GRROND,2:0,25-70072,MY2025,193,U,JV,0.486,NA,NA,NA,AI,W,GRROND,2
666267,19,2025-05-07,32W,M,GRROND,2:0,25-70574,MY2025,163,U,JV,0.493,NA,NA,NA,AI,W,GRROND,2
666231,19,2025-05-06,32W,M,LOSALM,2:0,25-70538,MY2025,193,U,JV,0.527,NA,NA,NA,AI,W,SALMON,2
666269,19,2025-05-07,32W,F,GRROND,2:0,25-70576,MY2025,186,U,JV,0.514,NA,NA,NA,AI,W,GRROND,2
666260,19,2025-05-07,32W,M,GRROND,1:0,25-70567,MY2025,139,U,JV,0.934,NA,NA,NA,AI,W,GRROND,1
666460,20,2025-05-13,32W,F,SFSALM,3:0,25-70767,MY2025,175,U,JV,0.999,NA,NA,NA,AI,W,SALMON,3
665997,17,2025-04-22,32W,F,LOSALM,3:0,25-70304,MY2025,167,U,JV,0.724,NA,NA,NA,AI,W,SALMON,3
666687,22,2025-05-29,32W,M,IMNAHA,2:0,25-70994,MY2025,178,U,JV,0.99,NA,NA,NA,AI,W,IMNAHA,2
665781,14,2025-04-03,32W,F,SFCLWR,3:0,25-70087,MY2025,174,U,JV,0.741,NA,NA,NA,AI,W,CLRWTR,3
666298,19,2025-05-08,32W,M,UPSALM,2:0,25-70605,MY2025,162,U,JV,0.935,NA,NA,NA,AI,W,SALMON,2
666673,22,2025-05-29,32W,F,MFSALM,3:0,25-70980,MY2025,220,U,JV,0.449,NA,NA,NA,AI,W,SALMON,3
666676,22,2025-05-29,32W,F,GRROND,2:0,25-70983,MY2025,235,U,JV,0.897,NA,NA,NA,AI,W,GRROND,2
665901,16,2025-04-15,32W,M,SFCLWR,2:0,25-70208,MY2025,189,U,JV,0.999,NA,NA,NA,AI,W,CLRWTR,2
666365,20,2025-05-12,32W,M,GRROND,2:0,25-70672,MY2025,206,U,JV,0.95,NA,NA,NA,AI,W,GRROND,2
666399,20,2025-05-12,32W,F,SFCLWR,3:0,25-70706,MY2025,174,U,JV,0.99,NA,NA,NA,AI,W,CLRWTR,3
666433,20,2025-05-12,32W,M,SFSALM,2:0,25-70740,MY2025,161,U,JV,0.617,NA,NA,NA,AI,W,SALMON,2
666330,19,2025-05-09,32W,F,SFSALM,3:0,25-70637,MY2025,183,U,JV,0.42,NA,NA,NA,AI,W,SALMON,3
666344,19,2025-05-09,32W,F,UPCLWR,3:0,25-70651,MY2025,166,U,JV,0.392,NA,NA,NA,AI,W,CLRWTR,3
666035,17,2025-04-25,32W,F,SFSALM,3:0,25-70342,MY2025,173,U,JV,0.316,NA,NA,NA,AI,W,SALMON,3
666042,17,2025-04-25,32W,M,SFCLWR,2:0,25-70349,MY2025,164,U,JV,0.999,NA,NA,NA,AI,W,CLRWTR,2
666094,18,2025-04-30,32W,F,LSNAKE,2:0,25-70401,MY2025,185,U,JV,0.465,NA,NA,NA,AI,W,LSNAKE,2
666418,20,2025-05-12,32W,F,SFCLWR,1:0,25-70725,MY2025,169,U,JV,0.999,NA,NA,NA,AI,W,CLRWTR,1
666346,19,2025-05-09,32W,M,SFCLWR,2:0,25-70653,MY2025,169,U,JV,0.999,NA,NA,NA,AI,W,CLRWTR,2
666716,23,2025-06-02,32H,M,SFCLWR,N:A,25-71023,MY2025,188,H,JV,0.953,NA,NA,NA,AI,HNC,CLRWTR,NA
666702,22,2025-05-30,32W,F,GRROND,2:0,25-71009,MY2025,183,U,JV,0.87,NA,NA,NA,AI,W,GRROND,2
666281,19,2025-05-07,32W,F,MFSALM,2:0,25-70588,MY2025,178,U,JV,0.992,NA,NA,NA,AI,W,SALMON,2
666240,19,2025-05-06,32W,F,UPSALM,4:0,25-70547,MY2025,202,U,JV,0.463,NA,NA,NA,AI,W,SALMON,4
665718,13,2025-03-28,32W,M,GRROND,3:0,25-70024,MY2025,239,U,JV,0.996,NA,NA,NA,AI,W,GRROND,3
666043,17,2025-04-25,32H,M,SFCLWR,2:0,25-70350,MY2025,182,H,JV,0.999,NA,NA,NA,AI,HNC,CLRWTR,2
665882,16,2025-04-15,32W,F,SFCLWR,2:0,25-70189,MY2025,152,U,JV,0.997,NA,NA,NA,AI,W,CLRWTR,2
666416,20,2025-05-12,32W,F,UPSALM,2:0,25-70723,MY2025,182,U,JV,0.496,NA,NA,NA,AI,W,SALMON,2
665807,15,2025-04-08,32W,F,SFCLWR,2:0,25-70113,MY2025,182,U,JV,0.999,NA,NA,NA,AI,W,CLRWTR,2
666426,20,2025-05-12,32W,M,LSNAKE,2:0,25-70733,MY2025,177,U,JV,0.443,NA,NA,NA,AI,W,LSNAKE,2
666666,22,2025-05-29,32W,F,UPSALM,2:0,25-70973,MY2025,172,U,JV,0.385,NA,NA,NA,AI,W,SALMON,2
666552,21,2025-05-19,32W,M,IMNAHA,2:0,25-70859,MY2025,178,U,JV,0.82,NA,NA,NA,AI,W,IMNAHA,2
665979,17,2025-04-21,32W,M,SFCLWR,2:0,25-70286,MY2025,151,U,JV,0.94,NA,NA,NA,AI,W,CLRWTR,2
665963,16,2025-04-18,32W,F,UPCLWR,3:0,25-70270,MY2025,166,U,JV,0.515,NA,NA,NA,AI,W,CLRWTR,3
665964,16,2025-04-18,32W,F,MFSALM,3:0,25-70271,MY2025,191,U,JV,0.998,NA,NA,NA,AI,W,SALMON,3
666065,18,2025-04-29,32W,F,UPCLWR,2:0,25-70372,MY2025,190,U,JV,0.807,NA,NA,NA,AI,W,CLRWTR,2
666638,22,2025-05-26,32W,M,UPSALM,1:0,25-70945,MY2025,162,U,JV,0.412,NA,NA,NA,AI,W,SALMON,1
665809,15,2025-04-08,32W,M,SFCLWR,2:0,25-70115,MY2025,147,U,JV,0.999,NA,NA,NA,AI,W,CLRWTR,2
666351,19,2025-05-09,32W,F,MFSALM,3:0,25-70658,MY2025,190,U,JV,0.982,NA,NA,NA,AI,W,SALMON,3
666691,22,2025-05-29,32W,M,LSNAKE,1:0,25-70998,MY2025,156,U,JV,0.626,NA,NA,NA,AI,W,LSNAKE,1
666752,26,2025-06-27,32W,F,UPSALM,2:0,25-71059,MY2025,208,U,JV,0.886,NA,NA,NA,AI,W,SALMON,2
666250,19,2025-05-07,32W,F,UPSALM,1:0,25-70557,MY2025,127,U,JV,0.722,NA,NA,NA,AI,W,SALMON,1
666175,18,2025-05-02,32W,F,SFCLWR,N:A,25-70482,MY2025,183,U,JV,0.999,NA,NA,NA,AI,W,CLRWTR,NA
665898,16,2025-04-15,32W,F,SFCLWR,2:0,25-70205,MY2025,163,U,JV,0.998,NA,NA,NA,AI,W,CLRWTR,2
666322,19,2025-05-08,32W,F,IMNAHA,2:0,25-70629,MY2025,169,U,JV,0.433,NA,NA,NA,AI,W,IMNAHA,2
666458,20,2025-05-13,32W,M,UPCLWR,2:0,25-70765,MY2025,217,U,JV,0.616,NA,NA,NA,AI,W,CLRWTR,2
665982,17,2025-04-21,32W,F,UPCLWR,4:0,25-70289,MY2025,177,U,JV,0.972,NA,NA,NA,AI,W,CLRWTR,4
666618,21,2025-05-23,32W,M,UPSALM,1:0,25-70925,MY2025,158,U,JV,0.637,NA,NA,NA,AI,W,SALMON,1
665949,16,2025-04-18,32W,F,UPSALM,2:0,25-70256,MY2025,162,U,JV,0.559,NA,NA,NA,AI,W,SALMON,2
666615,21,2025-05-23,32W,F,LSNAKE,2:0,25-70922,MY2025,191,U,JV,0.818,NA,NA,NA,AI,W,LSNAKE,2
666701,22,2025-05-30,32W,M,SFCLWR,2:0,25-71008,MY2025,154,U,JV,0.593,NA,NA,NA,AI,W,CLRWTR,2
666680,22,2025-05-29,32W,F,UPCLWR,3:0,25-70987,MY2025,187,U,JV,0.819,NA,NA,NA,AI,W,CLRWTR,3
666192,19,2025-05-05,32W,F,SFSALM,3:0,25-70499,MY2025,166,U,JV,0.999,NA,NA,NA,AI,W,SALMON,3
666733,24,2025-06-10,32W,F,GRROND,3:0,25-71040,MY2025,193,U,JV,0.847,NA,NA,NA,AI,W,GRROND,3
666556,21,2025-05-19,32H,F,UPSALM,1:0,25-70863,MY2025,147,H,JV,0.557,NA,NA,NA,AI,HNC,SALMON,1
666130,18,2025-05-02,32W,M,UPCLWR,2:0,25-70437,MY2025,168,U,JV,0.999,NA,NA,NA,AI,W,CLRWTR,2
666167,18,2025-05-02,32W,F,SFCLWR,1:0,25-70474,MY2025,159,U,JV,0.984,NA,NA,NA,AI,W,CLRWTR,1
666562,21,2025-05-19,32W,F,GRROND,3:0,25-70869,MY2025,180,U,JV,0.934,NA,NA,NA,AI,W,GRROND,3
665757,14,2025-04-02,32W,M,GRROND,2:0,25-70063,MY2025,300,U,JV,0.616,NA,NA,NA,AI,W,GRROND,2
666746,24,2025-06-13,32W,F,GRROND,1:0,25-71053,MY2025,186,U,JV,0.983,NA,NA,NA,AI,W,GRROND,1
666243,19,2025-05-06,32W,F,SFSALM,2:0,25-70550,MY2025,185,U,JV,0.999,NA,NA,NA,AI,W,SALMON,2
666332,19,2025-05-09,32W,M,MFSALM,3:0,25-70639,MY2025,189,U,JV,0.999,NA,NA,NA,AI,W,SALMON,3
666434,20,2025-05-12,32W,F,MFSALM,3:0,25-70741,MY2025,182,U,JV,0.999,NA,NA,NA,AI,W,SALMON,3
666635,22,2025-05-26,32W,F,IMNAHA,2:0,25-70942,MY2025,162,U,JV,0.482,NA,NA,NA,AI,W,IMNAHA,2
665981,17,2025-04-21,32W,M,SFSALM,2:0,25-70288,MY2025,183,U,JV,0.999,NA,NA,NA,AI,W,SALMON,2
666707,22,2025-05-30,32W,F,GRROND,2:0,25-71014,MY2025,190,U,JV,0.513,NA,NA,NA,AI,W,GRROND,2
666431,20,2025-05-12,32W,F,UPSALM,2:0,25-70738,MY2025,178,U,JV,0.947,NA,NA,NA,AI,W,SALMON,2
666607,21,2025-05-22,32W,F,GRROND,2:0,25-70914,MY2025,174,U,JV,0.976,NA,NA,NA,AI,W,GRROND,2
666626,21,2025-05-23,32W,F,MFSALM,3:0,25-70933,MY2025,191,U,JV,0.999,NA,NA,NA,AI,W,SALMON,3
666435,20,2025-05-12,32W,M,UPSALM,3:0,25-70742,MY2025,183,U,JV,0.508,NA,NA,NA,AI,W,SALMON,3
666316,19,2025-05-08,32W,M,UPSALM,2:0,25-70623,MY2025,210,U,JV,0.875,NA,NA,NA,AI,W,SALMON,2
665788,14,2025-04-04,32W,F,UPCLWR,2:0,25-70094,MY2025,169,U,JV,0.958,NA,NA,NA,AI,W,CLRWTR,2
666624,21,2025-05-23,32W,F,GRROND,2:0,25-70931,MY2025,179,U,JV,0.508,NA,NA,NA,AI,W,GRROND,2
666693,22,2025-05-29,32W,F,LSNAKE,2:0,25-71000,MY2025,174,U,JV,0.477,NA,NA,NA,AI,W,LSNAKE,2
666599,21,2025-05-21,32W,F,GRROND,2:0,25-70906,MY2025,188,U,JV,0.986,NA,NA,NA,AI,W,GRROND,2
666014,17,2025-04-24,32W,M,IMNAHA,2:0,25-70321,MY2025,181,U,JV,0.599,NA,NA,NA,AI,W,IMNAHA,2
666584,21,2025-05-21,32W,F,UPSALM,2:0,25-70891,MY2025,164,U,JV,0.766,NA,NA,NA,AI,W,SALMON,2
666247,19,2025-05-07,32W,F,SFSALM,3:0,25-70554,MY2025,187,U,JV,0.999,NA,NA,NA,AI,W,SALMON,3
666049,18,2025-04-28,32W,F,MFSALM,3:0,25-70356,MY2025,190,U,JV,0.997,NA,NA,NA,AI,W,SALMON,3
666468,20,2025-05-13,32W,F,LOSALM,2:0,25-70775,MY2025,153,U,JV,0.636,NA,NA,NA,AI,W,SALMON,2
666545,21,2025-05-19,32W,F,UPSALM,2:0,25-70852,MY2025,188,U,JV,0.538,NA,NA,NA,AI,W,SALMON,2
666109,18,2025-05-01,32W,F,LSNAKE,2:0,25-70416,MY2025,205,U,JV,0.547,NA,NA,NA,AI,W,LSNAKE,2
666120,18,2025-05-01,32W,F,SFCLWR,1:0,25-70427,MY2025,145,U,JV,0.986,NA,NA,NA,AI,W,CLRWTR,1
666677,22,2025-05-29,32W,M,UPSALM,1:0,25-70984,MY2025,167,U,JV,0.479,NA,NA,NA,AI,W,SALMON,1
666675,22,2025-05-29,32W,F,UPSALM,2:0,25-70982,MY2025,156,U,JV,0.964,NA,NA,NA,AI,W,SALMON,2
666408,20,2025-05-12,32W,F,SFCLWR,2:0,25-70715,MY2025,175,U,JV,0.988,NA,NA,NA,AI,W,CLRWTR,2
666642,22,2025-05-26,32W,F,LSNAKE,2:0,25-70949,MY2025,169,U,JV,0.754,NA,NA,NA,AI,W,LSNAKE,2
666718,23,2025-06-02,32W,F,UPSALM,2:0,25-71025,MY2025,220,U,JV,0.307,NA,NA,NA,AI,W,SALMON,2
666104,18,2025-05-01,32W,M,SFCLWR,2:0,25-70411,MY2025,141,U,JV,0.992,NA,NA,NA,AI,W,CLRWTR,2
666029,17,2025-04-25,32W,F,UPCLWR,2:0,25-70336,MY2025,155,U,JV,0.999,NA,NA,NA,AI,W,CLRWTR,2
665968,16,2025-04-18,32W,F,LOCLWR,3:0,25-70275,MY2025,169,U,JV,0.548,NA,NA,NA,AI,W,CLRWTR,3
666590,21,2025-05-21,32W,M,GRROND,3:0,25-70897,MY2025,181,U,JV,0.971,NA,NA,NA,AI,W,GRROND,3
666743,24,2025-06-12,32W,M,LSNAKE,1:0,25-71050,MY2025,160,U,JV,0.472,NA,NA,NA,AI,W,LSNAKE,1
665994,17,2025-04-22,32W,F,GRROND,2:0,25-70301,MY2025,172,U,JV,0.871,NA,NA,NA,AI,W,GRROND,2
666305,19,2025-05-08,32W,F,SFSALM,3:0,25-70612,MY2025,203,U,JV,0.999,NA,NA,NA,AI,W,SALMON,3
665978,17,2025-04-21,32W,M,SFSALM,3:0,25-70285,MY2025,188,U,JV,0.812,NA,NA,NA,AI,W,SALMON,3
665953,16,2025-04-18,32W,F,GRROND,2:0,25-70260,MY2025,142,U,JV,0.512,NA,NA,NA,AI,W,GRROND,2
665976,17,2025-04-21,32W,F,LSNAKE,2:0,25-70283,MY2025,185,U,JV,0.497,NA,NA,NA,AI,W,LSNAKE,2
666312,19,2025-05-08,32W,F,SFSALM,2:0,25-70619,MY2025,175,U,JV,0.999,NA,NA,NA,AI,W,SALMON,2
666282,19,2025-05-07,32W,F,GRROND,2:0,25-70589,MY2025,165,U,JV,0.99,NA,NA,NA,AI,W,GRROND,2
666422,20,2025-05-12,32W,F,SFCLWR,2:0,25-70729,MY2025,168,U,JV,0.999,NA,NA,NA,AI,W,CLRWTR,2
666480,20,2025-05-13,32W,F,LSNAKE,2:0,25-70787,MY2025,169,U,JV,0.378,NA,NA,NA,AI,W,LSNAKE,2
666513,20,2025-05-15,32W,F,GRROND,2:0,25-70820,MY2025,190,U,JV,0.688,NA,NA,NA,AI,W,GRROND,2
665955,16,2025-04-18,32W,F,UPSALM,2:0,25-70262,MY2025,187,U,JV,0.395,NA,NA,NA,AI,W,SALMON,2
666582,21,2025-05-20,32W,F,LSNAKE,1:0,25-70889,MY2025,178,U,JV,0.633,NA,NA,NA,AI,W,LSNAKE,1
666533,20,2025-05-16,32W,M,IMNAHA,2:0,25-70840,MY2025,156,U,JV,0.799,NA,NA,NA,AI,W,IMNAHA,2
666671,22,2025-05-29,32W,F,GRROND,2:0,25-70978,MY2025,207,U,JV,0.489,NA,NA,NA,AI,W,GRROND,2
666333,19,2025-05-09,32W,F,UPSALM,2:0,25-70640,MY2025,176,U,JV,0.937,NA,NA,NA,AI,W,SALMON,2
666616,21,2025-05-23,32W,F,LSNAKE,2:0,25-70923,MY2025,159,U,JV,0.584,NA,NA,NA,AI,W,LSNAKE,2
666734,24,2025-06-11,32W,M,SFCLWR,1:0,25-71041,MY2025,174,U,JV,0.87,NA,NA,NA,AI,W,CLRWTR,1
666540,21,2025-05-19,32W,F,UPSALM,2:0,25-70847,MY2025,183,U,JV,0.958,NA,NA,NA,AI,W,SALMON,2
666360,20,2025-05-12,32W,M,UPSALM,2:0,25-70667,MY2025,176,U,JV,0.774,NA,NA,NA,AI,W,SALMON,2
666387,20,2025-05-12,32W,M,LSNAKE,2:0,25-70694,MY2025,181,U,JV,0.387,NA,NA,NA,AI,W,LSNAKE,2
665991,17,2025-04-22,32W,F,LOCLWR,3:0,25-70298,MY2025,198,U,JV,0.551,NA,NA,NA,AI,W,CLRWTR,3
666696,22,2025-05-30,32W,F,LSNAKE,2:0,25-71003,MY2025,152,U,JV,0.53,NA,NA,NA,AI,W,LSNAKE,2
666368,20,2025-05-12,32W,F,UPSALM,2:0,25-70675,MY2025,205,U,JV,0.929,NA,NA,NA,AI,W,SALMON,2
666198,19,2025-05-05,32W,F,UPSALM,2:0,25-70505,MY2025,170,U,JV,0.992,NA,NA,NA,AI,W,SALMON,2
666233,19,2025-05-06,32W,F,GRROND,3:0,25-70540,MY2025,199,U,JV,0.572,NA,NA,NA,AI,W,GRROND,3
666317,19,2025-05-08,32W,F,MFSALM,3:0,25-70624,MY2025,178,U,JV,0.867,NA,NA,NA,AI,W,SALMON,3
666486,20,2025-05-13,32W,M,UPSALM,2:0,25-70793,MY2025,186,U,JV,0.832,NA,NA,NA,AI,W,SALMON,2
666105,18,2025-05-01,32W,F,SFCLWR,2:0,25-70412,MY2025,146,U,JV,0.999,NA,NA,NA,AI,W,CLRWTR,2
666472,20,2025-05-13,32W,M,GRROND,2:0,25-70779,MY2025,199,U,JV,0.674,NA,NA,NA,AI,W,GRROND,2
665988,17,2025-04-22,32W,F,SFCLWR,2:0,25-70295,MY2025,198,U,JV,0.984,NA,NA,NA,AI,W,CLRWTR,2
665996,17,2025-04-22,32W,F,LSNAKE,2:0,25-70303,MY2025,180,U,JV,0.454,NA,NA,NA,AI,W,LSNAKE,2
666450,20,2025-05-13,32W,M,GRROND,2:0,25-70757,MY2025,207,U,JV,0.786,NA,NA,NA,AI,W,GRROND,2
666057,18,2025-04-29,32W,F,UPSALM,2:0,25-70364,MY2025,183,U,JV,0.982,NA,NA,NA,AI,W,SALMON,2
665965,16,2025-04-18,32W,M,SFCLWR,2:0,25-70272,MY2025,197,U,JV,0.999,NA,NA,NA,AI,W,CLRWTR,2
666522,20,2025-05-15,32W,F,UPSALM,1:0,25-70829,MY2025,147,U,JV,0.699,NA,NA,NA,AI,W,SALMON,1
666656,22,2025-05-27,32W,M,LOSALM,1:0,25-70963,MY2025,185,U,JV,0.62,NA,NA,NA,AI,W,SALMON,1
666258,19,2025-05-07,32W,M,IMNAHA,2:0,25-70565,MY2025,176,U,JV,0.813,NA,NA,NA,AI,W,IMNAHA,2
666710,23,2025-06-02,32W,F,GRROND,4:0,25-71017,MY2025,198,U,JV,0.743,NA,NA,NA,AI,W,GRROND,4
666203,19,2025-05-05,32W,F,UPCLWR,3:0,25-70510,MY2025,190,U,JV,0.985,NA,NA,NA,AI,W,CLRWTR,3
666287,19,2025-05-07,32W,F,GRROND,3:0,25-70594,MY2025,185,U,JV,0.492,NA,NA,NA,AI,W,GRROND,3
666568,21,2025-05-19,32W,F,SFCLWR,1:0,25-70875,MY2025,180,U,JV,0.972,NA,NA,NA,AI,W,CLRWTR,1
666554,21,2025-05-19,32H,M,GRROND,2:0,25-70861,MY2025,155,H,JV,0.501,NA,NA,NA,AI,HNC,GRROND,2
666551,21,2025-05-19,32W,M,LSNAKE,2:0,25-70858,MY2025,153,U,JV,0.575,NA,NA,NA,AI,W,LSNAKE,2
666293,19,2025-05-08,32W,F,GRROND,2:0,25-70600,MY2025,160,U,JV,0.442,NA,NA,NA,AI,W,GRROND,2
666627,21,2025-05-23,32W,F,LSNAKE,1:0,25-70934,MY2025,177,U,JV,0.881,NA,NA,NA,AI,W,LSNAKE,1
666625,21,2025-05-23,32W,M,GRROND,2:0,25-70932,MY2025,149,U,JV,0.894,NA,NA,NA,AI,W,GRROND,2
665959,16,2025-04-18,32W,F,UPCLWR,2:0,25-70266,MY2025,174,U,JV,0.424,NA,NA,NA,AI,W,CLRWTR,2
666262,19,2025-05-07,32W,F,LOCLWR,3:0,25-70569,MY2025,174,U,JV,0.479,NA,NA,NA,AI,W,CLRWTR,3
666648,22,2025-05-27,32W,F,SFSALM,3:0,25-70955,MY2025,202,U,JV,0.543,NA,NA,NA,AI,W,SALMON,3
666649,22,2025-05-27,32W,F,IMNAHA,N:A,25-70956,MY2025,185,U,JV,0.725,NA,NA,NA,AI,W,IMNAHA,NA
666392,20,2025-05-12,32W,F,UPCLWR,3:0,25-70699,MY2025,200,U,JV,0.995,NA,NA,NA,AI,W,CLRWTR,3
666374,20,2025-05-12,32W,M,MFSALM,2:0,25-70681,MY2025,175,U,JV,0.995,NA,NA,NA,AI,W,SALMON,2
666741,24,2025-06-12,32W,F,IMNAHA,2:0,25-71048,MY2025,183,U,JV,0.596,NA,NA,NA,AI,W,IMNAHA,2
666478,20,2025-05-13,32W,M,UPSALM,2:0,25-70785,MY2025,180,U,JV,0.794,NA,NA,NA,AI,W,SALMON,2
665758,14,2025-04-02,32W,M,LSNAKE,2:0,25-70064,MY2025,139,U,JV,0.877,NA,NA,NA,AI,W,LSNAKE,2
665842,15,2025-04-11,32W,M,SFCLWR,3:0,25-70148,MY2025,208,U,JV,0.945,NA,NA,NA,AI,W,CLRWTR,3
666178,18,2025-05-02,32W,F,GRROND,2:0,25-70485,MY2025,202,U,JV,0.947,NA,NA,NA,AI,W,GRROND,2
665973,17,2025-04-21,32W,M,UPSALM,3:0,25-70280,MY2025,175,U,JV,0.726,NA,NA,NA,AI,W,SALMON,3
665974,17,2025-04-21,32W,F,MFSALM,3:0,25-70281,MY2025,178,U,JV,0.985,NA,NA,NA,AI,W,SALMON,3
666580,21,2025-05-20,32W,F,MFSALM,2:0,25-70887,MY2025,185,U,JV,0.84,NA,NA,NA,AI,W,SALMON,2
666290,19,2025-05-08,32W,F,LSNAKE,2:0,25-70597,MY2025,211,U,JV,0.59,NA,NA,NA,AI,W,LSNAKE,2
666306,19,2025-05-08,32W,F,MFSALM,3:0,25-70613,MY2025,170,U,JV,0.575,NA,NA,NA,AI,W,SALMON,3
666663,22,2025-05-29,32W,F,LSNAKE,2:0,25-70970,MY2025,166,U,JV,0.668,NA,NA,NA,AI,W,LSNAKE,2
666686,22,2025-05-29,32W,F,IMNAHA,1:0,25-70993,MY2025,179,U,JV,0.961,NA,NA,NA,AI,W,IMNAHA,1
666650,22,2025-05-27,32W,F,GRROND,2:0,25-70957,MY2025,153,U,JV,0.634,NA,NA,NA,AI,W,GRROND,2
666501,20,2025-05-14,32W,F,UPSALM,3:0,25-70808,MY2025,162,U,JV,0.848,NA,NA,NA,AI,W,SALMON,3
666453,20,2025-05-13,32W,F,GRROND,N:A,25-70760,MY2025,135,U,JV,0.784,NA,NA,NA,AI,W,GRROND,NA
666679,22,2025-05-29,32W,M,GRROND,1:0,25-70986,MY2025,149,U,JV,0.331,NA,NA,NA,AI,W,GRROND,1
666338,19,2025-05-09,32W,M,LOCLWR,3:0,25-70645,MY2025,205,U,JV,0.468,NA,NA,NA,AI,W,CLRWTR,3
666672,22,2025-05-29,32W,F,GRROND,2:0,25-70979,MY2025,203,U,JV,0.579,NA,NA,NA,AI,W,GRROND,2
666415,20,2025-05-12,32W,F,SFCLWR,2:0,25-70722,MY2025,169,U,JV,0.996,NA,NA,NA,AI,W,CLRWTR,2
665904,16,2025-04-15,32W,F,UPCLWR,2:0,25-70211,MY2025,180,U,JV,0.997,NA,NA,NA,AI,W,CLRWTR,2
665960,16,2025-04-18,32W,M,UPCLWR,3:0,25-70267,MY2025,171,U,JV,0.999,NA,NA,NA,AI,W,CLRWTR,3
665969,16,2025-04-18,32W,F,GRROND,2:0,25-70276,MY2025,183,U,JV,0.702,NA,NA,NA,AI,W,GRROND,2
666628,21,2025-05-23,32W,F,GRROND,2:0,25-70935,MY2025,180,U,JV,0.63,NA,NA,NA,AI,W,GRROND,2
665983,17,2025-04-21,32W,F,SFSALM,2:0,25-70290,MY2025,176,U,JV,0.36,NA,NA,NA,AI,W,SALMON,2
665950,16,2025-04-18,32W,F,SFCLWR,2:0,25-70257,MY2025,154,U,JV,0.998,NA,NA,NA,AI,W,CLRWTR,2
666225,19,2025-05-06,32W,F,UPSALM,2:0,25-70532,MY2025,175,U,JV,0.923,NA,NA,NA,AI,W,SALMON,2
666389,20,2025-05-12,32W,F,GRROND,2:0,25-70696,MY2025,180,U,JV,0.878,NA,NA,NA,AI,W,GRROND,2
665909,16,2025-04-16,32W,F,GRROND,N:A,25-70216,MY2025,195,U,JV,0.415,NA,NA,NA,AI,W,GRROND,NA
666429,20,2025-05-12,32W,M,LSNAKE,2:0,25-70736,MY2025,175,U,JV,0.513,NA,NA,NA,AI,W,LSNAKE,2
666636,22,2025-05-26,32W,F,GRROND,2:0,25-70943,MY2025,173,U,JV,0.676,NA,NA,NA,AI,W,GRROND,2
666550,21,2025-05-19,32W,F,UPSALM,2:0,25-70857,MY2025,170,U,JV,0.681,NA,NA,NA,AI,W,SALMON,2
666069,18,2025-04-29,32W,F,UPCLWR,3:0,25-70376,MY2025,173,U,JV,0.948,NA,NA,NA,AI,W,CLRWTR,3
666036,17,2025-04-25,32W,F,IMNAHA,2:0,25-70343,MY2025,200,U,JV,0.974,NA,NA,NA,AI,W,IMNAHA,2
666475,20,2025-05-13,32W,F,GRROND,2:0,25-70782,MY2025,190,U,JV,0.626,NA,NA,NA,AI,W,GRROND,2
666473,20,2025-05-13,32W,M,GRROND,2:0,25-70780,MY2025,185,U,JV,0.774,NA,NA,NA,AI,W,GRROND,2
666474,20,2025-05-13,32W,F,LSNAKE,4:0,25-70781,MY2025,204,U,JV,0.336,NA,NA,NA,AI,W,LSNAKE,4
666476,20,2025-05-13,32W,M,LSNAKE,N:A,25-70783,MY2025,182,U,JV,0.577,NA,NA,NA,AI,W,LSNAKE,NA
666483,20,2025-05-13,32W,F,UPSALM,2:0,25-70790,MY2025,185,U,JV,0.422,NA,NA,NA,AI,W,SALMON,2
666538,21,2025-05-19,32W,M,UPSALM,2:0,25-70845,MY2025,157,U,JV,0.802,NA,NA,NA,AI,W,SALMON,2
665970,16,2025-04-18,32W,M,IMNAHA,2:0,25-70277,MY2025,142,U,JV,0.642,NA,NA,NA,AI,W,IMNAHA,2
666118,18,2025-05-01,32W,M,IMNAHA,3:0,25-70425,MY2025,187,U,JV,0.902,NA,NA,NA,AI,W,IMNAHA,3
666561,21,2025-05-19,32H,M,UPSALM,3:0,25-70868,MY2025,169,H,JV,0.614,NA,NA,NA,AI,HNC,SALMON,3
666111,18,2025-05-01,32W,F,SFCLWR,1:0,25-70418,MY2025,158,U,JV,0.989,NA,NA,NA,AI,W,CLRWTR,1
666683,22,2025-05-29,32W,F,UPSALM,1:0,25-70990,MY2025,169,U,JV,0.724,NA,NA,NA,AI,W,SALMON,1
666685,22,2025-05-29,32W,F,GRROND,N:A,25-70992,MY2025,212,U,JV,0.859,NA,NA,NA,AI,W,GRROND,NA
666329,19,2025-05-09,32W,M,LSNAKE,2:0,25-70636,MY2025,163,U,JV,0.538,NA,NA,NA,AI,W,LSNAKE,2
666319,19,2025-05-08,32W,F,SFSALM,2:0,25-70626,MY2025,152,U,JV,0.947,NA,NA,NA,AI,W,SALMON,2
665795,15,2025-04-08,32W,F,SFCLWR,3:0,25-70101,MY2025,173,U,JV,0.802,NA,NA,NA,AI,W,CLRWTR,3
666438,20,2025-05-12,32W,M,IMNAHA,2:0,25-70745,MY2025,159,U,JV,0.606,NA,NA,NA,AI,W,IMNAHA,2
666349,19,2025-05-09,32W,F,MFSALM,2:0,25-70656,MY2025,160,U,JV,0.667,NA,NA,NA,AI,W,SALMON,2
666030,17,2025-04-25,32W,M,GRROND,2:0,25-70337,MY2025,152,U,JV,0.865,NA,NA,NA,AI,W,GRROND,2
666350,19,2025-05-09,32W,F,UPSALM,2:0,25-70657,MY2025,154,U,JV,0.427,NA,NA,NA,AI,W,SALMON,2
666750,25,2025-06-16,32W,F,LSNAKE,2:0,25-71057,MY2025,163,U,JV,0.631,NA,NA,NA,AI,W,LSNAKE,2
666200,19,2025-05-05,32W,F,SFCLWR,2:0,25-70507,MY2025,175,U,JV,0.999,NA,NA,NA,AI,W,CLRWTR,2
666678,22,2025-05-29,32W,F,MFSALM,2:0,25-70985,MY2025,192,U,JV,0.986,NA,NA,NA,AI,W,SALMON,2
666128,18,2025-05-02,32W,M,SFSALM,3:0,25-70435,MY2025,160,U,JV,0.941,NA,NA,NA,AI,W,SALMON,3
666462,20,2025-05-13,32W,M,GRROND,2:0,25-70769,MY2025,210,U,JV,0.663,NA,NA,NA,AI,W,GRROND,2
666539,21,2025-05-19,32W,F,LSNAKE,2:0,25-70846,MY2025,179,U,JV,0.772,NA,NA,NA,AI,W,LSNAKE,2
666535,21,2025-05-19,32W,M,UPSALM,2:0,25-70842,MY2025,149,U,JV,0.622,NA,NA,NA,AI,W,SALMON,2
666101,18,2025-05-01,32W,F,GRROND,3:0,25-70408,MY2025,196,U,JV,0.677,NA,NA,NA,AI,W,GRROND,3
666748,25,2025-06-16,32W,F,LSNAKE,1:0,25-71055,MY2025,200,U,JV,0.818,NA,NA,NA,AI,W,LSNAKE,1
666320,19,2025-05-08,32W,F,MFSALM,3:0,25-70627,MY2025,185,U,JV,0.609,NA,NA,NA,AI,W,SALMON,3
666714,23,2025-06-02,32W,F,GRROND,3:0,25-71021,MY2025,189,U,JV,0.977,NA,NA,NA,AI,W,GRROND,3
666634,22,2025-05-26,32W,M,UPSALM,2:0,25-70941,MY2025,176,U,JV,0.467,NA,NA,NA,AI,W,SALMON,2
666567,21,2025-05-19,32W,M,IMNAHA,1:0,25-70874,MY2025,180,U,JV,0.659,NA,NA,NA,AI,W,IMNAHA,1
665957,16,2025-04-18,32W,M,GRROND,2:0,25-70264,MY2025,179,U,JV,0.633,NA,NA,NA,AI,W,GRROND,2
666583,21,2025-05-20,32W,F,SFCLWR,2:0,25-70890,MY2025,165,U,JV,0.999,NA,NA,NA,AI,W,CLRWTR,2
666594,21,2025-05-21,32W,F,GRROND,2:0,25-70901,MY2025,155,U,JV,0.749,NA,NA,NA,AI,W,GRROND,2
666488,20,2025-05-13,32W,F,GRROND,2:0,25-70795,MY2025,177,U,JV,0.512,NA,NA,NA,AI,W,GRROND,2
665793,15,2025-04-07,32W,M,UPCLWR,3:0,25-70099,MY2025,160,U,JV,0.999,NA,NA,NA,AI,W,CLRWTR,3
666148,18,2025-05-02,32W,F,LSNAKE,2:0,25-70455,MY2025,207,U,JV,0.906,NA,NA,NA,AI,W,LSNAKE,2
666149,18,2025-05-02,32W,F,LSNAKE,3:0,25-70456,MY2025,173,U,JV,0.274,NA,NA,NA,AI,W,LSNAKE,3
665866,16,2025-04-14,32W,F,LSNAKE,3:0,25-70173,MY2025,166,U,JV,0.707,NA,NA,NA,AI,W,LSNAKE,3
666524,20,2025-05-15,32W,M,GRROND,2:0,25-70831,MY2025,135,U,JV,0.9,NA,NA,NA,AI,W,GRROND,2
666432,20,2025-05-12,32W,M,MFSALM,2:0,25-70739,MY2025,162,U,JV,0.551,NA,NA,NA,AI,W,SALMON,2
665934,16,2025-04-17,32W,M,MFSALM,4:0,25-70241,MY2025,224,U,JV,0.999,NA,NA,NA,AI,W,SALMON,4
665945,16,2025-04-17,32W,M,MFSALM,3:0,25-70252,MY2025,193,U,JV,0.806,NA,NA,NA,AI,W,SALMON,3
666688,22,2025-05-29,32W,F,GRROND,2:0,25-70995,MY2025,180,U,JV,0.732,NA,NA,NA,AI,W,GRROND,2
666631,22,2025-05-26,32W,F,SFCLWR,2:0,25-70938,MY2025,171,U,JV,0.993,NA,NA,NA,AI,W,CLRWTR,2
666292,19,2025-05-08,32W,F,LSNAKE,3:0,25-70599,MY2025,199,U,JV,0.61,NA,NA,NA,AI,W,LSNAKE,3
666697,22,2025-05-30,32W,M,LSNAKE,2:0,25-71004,MY2025,215,U,JV,0.37,NA,NA,NA,AI,W,LSNAKE,2
666490,20,2025-05-13,32W,F,UPSALM,2:0,25-70797,MY2025,176,U,JV,0.619,NA,NA,NA,AI,W,SALMON,2
666705,22,2025-05-30,32W,F,UPSALM,1:0,25-71012,MY2025,156,U,JV,0.927,NA,NA,NA,AI,W,SALMON,1
666721,23,2025-06-02,32W,F,LSNAKE,2:0,25-71028,MY2025,152,U,JV,0.867,NA,NA,NA,AI,W,LSNAKE,2
666251,19,2025-05-07,32W,F,SFSALM,4:0,25-70558,MY2025,198,U,JV,0.999,NA,NA,NA,AI,W,SALMON,4
666521,20,2025-05-15,32W,F,UPCLWR,3:0,25-70828,MY2025,159,U,JV,0.999,NA,NA,NA,AI,W,CLRWTR,3
666598,21,2025-05-21,32W,M,SFCLWR,2:0,25-70905,MY2025,167,U,JV,0.999,NA,NA,NA,AI,W,CLRWTR,2
666115,18,2025-05-01,32W,F,UPCLWR,2:0,25-70422,MY2025,164,U,JV,0.997,NA,NA,NA,AI,W,CLRWTR,2
666485,20,2025-05-13,32W,M,GRROND,2:0,25-70792,MY2025,161,U,JV,0.665,NA,NA,NA,AI,W,GRROND,2
666704,22,2025-05-30,32W,F,IMNAHA,2:0,25-71011,MY2025,176,U,JV,0.988,NA,NA,NA,AI,W,IMNAHA,2
666661,22,2025-05-28,32W,M,SFSALM,2:0,25-70968,MY2025,170,U,JV,0.945,NA,NA,NA,AI,W,SALMON,2
666221,19,2025-05-06,32W,F,UPCLWR,2:0,25-70528,MY2025,157,U,JV,0.958,NA,NA,NA,AI,W,CLRWTR,2
666307,19,2025-05-08,32W,F,LSNAKE,3:0,25-70614,MY2025,164,U,JV,0.377,NA,NA,NA,AI,W,LSNAKE,3
666643,22,2025-05-27,32W,F,IMNAHA,2:0,25-70950,MY2025,185,U,JV,0.647,NA,NA,NA,AI,W,IMNAHA,2
666444,20,2025-05-13,32W,F,GRROND,2:0,25-70751,MY2025,172,U,JV,0.593,NA,NA,NA,AI,W,GRROND,2
666026,17,2025-04-25,32W,M,LSNAKE,2:0,25-70333,MY2025,176,U,JV,0.616,NA,NA,NA,AI,W,LSNAKE,2
665990,17,2025-04-22,32W,M,UPSALM,2:0,25-70297,MY2025,212,U,JV,0.492,NA,NA,NA,AI,W,SALMON,2
665817,15,2025-04-08,32W,M,GRROND,2:0,25-70123,MY2025,158,U,JV,0.792,NA,NA,NA,AI,W,GRROND,2
665878,16,2025-04-15,32W,M,UPSALM,2:0,25-70185,MY2025,186,U,JV,0.732,NA,NA,NA,AI,W,SALMON,2
666637,22,2025-05-26,32W,M,LSNAKE,1:0,25-70944,MY2025,160,U,JV,0.609,NA,NA,NA,AI,W,LSNAKE,1
666428,20,2025-05-12,32W,F,GRROND,3:0,25-70735,MY2025,250,U,JV,0.944,NA,NA,NA,AI,W,GRROND,3
666694,22,2025-05-30,32W,M,MFSALM,3:0,25-71001,MY2025,160,U,JV,0.985,NA,NA,NA,AI,W,SALMON,3
666719,23,2025-06-02,32W,M,GRROND,1:0,25-71026,MY2025,176,U,JV,0.998,NA,NA,NA,AI,W,GRROND,1
666341,19,2025-05-09,32W,F,SFCLWR,4:0,25-70648,MY2025,177,U,JV,0.991,NA,NA,NA,AI,W,CLRWTR,4
666709,23,2025-06-02,32W,F,UPSALM,2:0,25-71016,MY2025,170,U,JV,0.944,NA,NA,NA,AI,W,SALMON,2
666500,20,2025-05-14,32W,M,UPCLWR,2:0,25-70807,MY2025,153,U,JV,0.922,NA,NA,NA,AI,W,CLRWTR,2
666046,18,2025-04-28,32W,M,GRROND,3:0,25-70353,MY2025,194,U,JV,0.509,NA,NA,NA,AI,W,GRROND,3
666566,21,2025-05-19,32W,F,UPSALM,2:0,25-70873,MY2025,155,U,JV,0.537,NA,NA,NA,AI,W,SALMON,2
666611,21,2025-05-23,32W,F,SFCLWR,4:0,25-70918,MY2025,169,U,JV,0.758,NA,NA,NA,AI,W,CLRWTR,4
665952,16,2025-04-18,32W,F,LSNAKE,3:0,25-70259,MY2025,179,U,JV,0.7,NA,NA,NA,AI,W,LSNAKE,3
666261,19,2025-05-07,32W,F,SFCLWR,2:0,25-70568,MY2025,183,U,JV,0.993,NA,NA,NA,AI,W,CLRWTR,2
666107,18,2025-05-01,32W,M,LSNAKE,2:0,25-70414,MY2025,198,U,JV,0.665,NA,NA,NA,AI,W,LSNAKE,2
666301,19,2025-05-08,32W,F,IMNAHA,2:0,25-70608,MY2025,189,U,JV,0.705,NA,NA,NA,AI,W,IMNAHA,2
666303,19,2025-05-08,32W,F,SFCLWR,2:0,25-70610,MY2025,186,U,JV,0.999,NA,NA,NA,AI,W,CLRWTR,2
666227,19,2025-05-06,32W,F,SFCLWR,2:0,25-70534,MY2025,145,U,JV,0.992,NA,NA,NA,AI,W,CLRWTR,2
666479,20,2025-05-13,32W,M,UPCLWR,2:0,25-70786,MY2025,163,U,JV,0.988,NA,NA,NA,AI,W,CLRWTR,2
666613,21,2025-05-23,32H,F,GRROND,2:0,25-70920,MY2025,200,H,JV,0.755,NA,NA,NA,AI,HNC,GRROND,2
665940,16,2025-04-17,32W,F,UPSALM,2:0,25-70247,MY2025,213,U,JV,0.714,NA,NA,NA,AI,W,SALMON,2
666024,17,2025-04-24,32W,M,UPCLWR,3:0,25-70331,MY2025,180,U,JV,0.936,NA,NA,NA,AI,W,CLRWTR,3
666025,17,2025-04-24,32W,F,SFSALM,3:0,25-70332,MY2025,189,U,JV,0.67,NA,NA,NA,AI,W,SALMON,3
666499,20,2025-05-14,32W,F,GRROND,2:0,25-70806,MY2025,173,U,JV,0.96,NA,NA,NA,AI,W,GRROND,2
666295,19,2025-05-08,32W,F,MFSALM,3:0,25-70602,MY2025,210,U,JV,0.962,NA,NA,NA,AI,W,SALMON,3
666505,20,2025-05-14,32W,M,GRROND,2:0,25-70812,MY2025,183,U,JV,0.735,NA,NA,NA,AI,W,GRROND,2
666739,24,2025-06-12,32W,F,UPSALM,1:0,25-71046,MY2025,170,U,JV,0.668,NA,NA,NA,AI,W,SALMON,1
666217,19,2025-05-05,32W,F,SFCLWR,2:0,25-70524,MY2025,199,U,JV,0.91,NA,NA,NA,AI,W,CLRWTR,2
666119,18,2025-05-01,32W,F,LSNAKE,2:0,25-70426,MY2025,157,U,JV,0.519,NA,NA,NA,AI,W,LSNAKE,2
666660,22,2025-05-28,32W,F,GRROND,1:0,25-70967,MY2025,177,U,JV,0.706,NA,NA,NA,AI,W,GRROND,1
666106,18,2025-05-01,32W,M,SFSALM,3:0,25-70413,MY2025,204,U,JV,0.975,NA,NA,NA,AI,W,SALMON,3
666651,22,2025-05-27,32W,M,GRROND,2:0,25-70958,MY2025,172,U,JV,0.481,NA,NA,NA,AI,W,GRROND,2
666013,17,2025-04-24,32W,M,UPSALM,2:0,25-70320,MY2025,182,U,JV,0.94,NA,NA,NA,AI,W,SALMON,2
666016,17,2025-04-24,32W,F,UPSALM,3:0,25-70323,MY2025,187,U,JV,0.646,NA,NA,NA,AI,W,SALMON,3
666048,18,2025-04-28,32W,M,SFCLWR,2:0,25-70355,MY2025,182,U,JV,0.994,NA,NA,NA,AI,W,CLRWTR,2
666587,21,2025-05-21,32W,F,UPSALM,1:0,25-70894,MY2025,157,U,JV,0.536,NA,NA,NA,AI,W,SALMON,1
666375,20,2025-05-12,32W,F,GRROND,2:0,25-70682,MY2025,225,U,JV,0.881,NA,NA,NA,AI,W,GRROND,2
666664,22,2025-05-29,32W,M,IMNAHA,2:0,25-70971,MY2025,167,U,JV,0.993,NA,NA,NA,AI,W,IMNAHA,2
665972,16,2025-04-18,32W,M,LSNAKE,2:0,25-70279,MY2025,187,U,JV,0.73,NA,NA,NA,AI,W,LSNAKE,2
666417,20,2025-05-12,32W,F,UPSALM,N:A,25-70724,MY2025,211,U,JV,0.906,NA,NA,NA,AI,W,SALMON,NA
666451,20,2025-05-13,32W,M,GRROND,2:0,25-70758,MY2025,163,U,JV,0.517,NA,NA,NA,AI,W,GRROND,2
666196,19,2025-05-05,32W,F,SFCLWR,2:0,25-70503,MY2025,173,U,JV,0.999,NA,NA,NA,AI,W,CLRWTR,2
666246,19,2025-05-06,32W,F,GRROND,1:0,25-70553,MY2025,168,U,JV,0.579,NA,NA,NA,AI,W,GRROND,1
666187,19,2025-05-05,32W,F,UPCLWR,3:0,25-70494,MY2025,171,U,JV,0.999,NA,NA,NA,AI,W,CLRWTR,3
666512,20,2025-05-15,32W,F,GRROND,2:0,25-70819,MY2025,173,U,JV,0.793,NA,NA,NA,AI,W,GRROND,2
666726,23,2025-06-04,32W,M,GRROND,3:0,25-71033,MY2025,223,U,JV,0.99,NA,NA,NA,AI,W,GRROND,3
666617,21,2025-05-23,32W,F,IMNAHA,1:0,25-70924,MY2025,147,U,JV,0.788,NA,NA,NA,AI,W,IMNAHA,1
665980,17,2025-04-21,32W,M,UPSALM,2:0,25-70287,MY2025,207,U,JV,0.646,NA,NA,NA,AI,W,SALMON,2
665910,16,2025-04-16,32W,F,GRROND,2:0,25-70217,MY2025,153,U,JV,0.955,NA,NA,NA,AI,W,GRROND,2
666254,19,2025-05-07,32W,F,LOCLWR,2:0,25-70561,MY2025,230,U,JV,0.525,NA,NA,NA,AI,W,CLRWTR,2
666517,20,2025-05-15,32W,M,SFCLWR,3:0,25-70824,MY2025,183,U,JV,0.978,NA,NA,NA,AI,W,CLRWTR,3
666652,22,2025-05-27,32W,F,SFSALM,4:0,25-70959,MY2025,191,U,JV,0.695,NA,NA,NA,AI,W,SALMON,4
666703,22,2025-05-30,32W,F,GRROND,2:0,25-71010,MY2025,229,U,JV,0.414,NA,NA,NA,AI,W,GRROND,2
666571,21,2025-05-20,32W,F,GRROND,2:0,25-70878,MY2025,163,U,JV,0.768,NA,NA,NA,AI,W,GRROND,2
666489,20,2025-05-13,32W,M,SFCLWR,2:0,25-70796,MY2025,151,U,JV,0.999,NA,NA,NA,AI,W,CLRWTR,2
665977,17,2025-04-21,32W,M,GRROND,3:0,25-70284,MY2025,200,U,JV,0.854,NA,NA,NA,AI,W,GRROND,3
666659,22,2025-05-28,32W,F,UPSALM,2:0,25-70966,MY2025,189,U,JV,0.558,NA,NA,NA,AI,W,SALMON,2
666543,21,2025-05-19,32W,F,SFSALM,2:0,25-70850,MY2025,158,U,JV,0.999,NA,NA,NA,AI,W,SALMON,2
666446,20,2025-05-13,32W,M,LSNAKE,2:0,25-70753,MY2025,165,U,JV,0.324,NA,NA,NA,AI,W,LSNAKE,2
666124,18,2025-05-01,32W,F,SFCLWR,2:0,25-70431,MY2025,152,U,JV,0.999,NA,NA,NA,AI,W,CLRWTR,2
665805,15,2025-04-08,32W,F,IMNAHA,3:0,25-70111,MY2025,193,U,JV,0.522,NA,NA,NA,AI,W,IMNAHA,3
666464,20,2025-05-13,32W,F,UPSALM,2:0,25-70771,MY2025,177,U,JV,0.971,NA,NA,NA,AI,W,SALMON,2
665919,16,2025-04-17,32W,F,UPSALM,3:0,25-70226,MY2025,203,U,JV,0.422,NA,NA,NA,AI,W,SALMON,3
666021,17,2025-04-24,32W,F,UPCLWR,2:0,25-70328,MY2025,159,U,JV,0.982,NA,NA,NA,AI,W,CLRWTR,2
666108,18,2025-05-01,32W,F,UPCLWR,2:0,25-70415,MY2025,188,U,JV,0.964,NA,NA,NA,AI,W,CLRWTR,2
666536,21,2025-05-19,32W,M,LSNAKE,1:0,25-70843,MY2025,177,U,JV,0.386,NA,NA,NA,AI,W,LSNAKE,1
666542,21,2025-05-19,32W,M,GRROND,N:A,25-70849,MY2025,169,U,JV,0.684,NA,NA,NA,AI,W,GRROND,NA
666724,23,2025-06-04,32W,F,GRROND,2:0,25-71031,MY2025,167,U,JV,0.694,NA,NA,NA,AI,W,GRROND,2
666271,19,2025-05-07,32W,M,UPSALM,1:0,25-70578,MY2025,158,U,JV,0.898,NA,NA,NA,AI,W,SALMON,1
666082,18,2025-04-30,32W,F,UPCLWR,3:0,25-70389,MY2025,195,U,JV,0.999,NA,NA,NA,AI,W,CLRWTR,3
665819,15,2025-04-08,32W,F,UPCLWR,3:0,25-70125,MY2025,223,U,JV,0.999,NA,NA,NA,AI,W,CLRWTR,3
666355,20,2025-05-12,32W,F,SFSALM,2:0,25-70662,MY2025,160,U,JV,0.392,NA,NA,NA,AI,W,SALMON,2
666437,20,2025-05-12,32W,M,SFCLWR,2:0,25-70744,MY2025,150,U,JV,0.828,NA,NA,NA,AI,W,CLRWTR,2
666362,20,2025-05-12,32W,M,SFCLWR,2:0,25-70669,MY2025,159,U,JV,0.814,NA,NA,NA,AI,W,CLRWTR,2
666090,18,2025-04-30,32W,M,MFSALM,3:0,25-70397,MY2025,210,U,JV,0.996,NA,NA,NA,AI,W,SALMON,3
665840,15,2025-04-11,32W,F,LSNAKE,2:0,25-70146,MY2025,155,U,JV,0.664,NA,NA,NA,AI,W,LSNAKE,2
666443,20,2025-05-13,32W,F,LSNAKE,3:0,25-70750,MY2025,163,U,JV,0.763,NA,NA,NA,AI,W,LSNAKE,3
666208,19,2025-05-05,32W,F,MFSALM,2:0,25-70515,MY2025,164,U,JV,0.999,NA,NA,NA,AI,W,SALMON,2
666404,20,2025-05-12,32W,F,MFSALM,3:0,25-70711,MY2025,167,U,JV,0.905,NA,NA,NA,AI,W,SALMON,3
666379,20,2025-05-12,32W,M,UPSALM,2:0,25-70686,MY2025,155,U,JV,0.383,NA,NA,NA,AI,W,SALMON,2
666397,20,2025-05-12,32W,M,GRROND,2:0,25-70704,MY2025,195,U,JV,0.753,NA,NA,NA,AI,W,GRROND,2
666456,20,2025-05-13,32W,M,MFSALM,2:0,25-70763,MY2025,179,U,JV,0.948,NA,NA,NA,AI,W,SALMON,2
666457,20,2025-05-13,32W,F,IMNAHA,2:0,25-70764,MY2025,167,U,JV,0.72,NA,NA,NA,AI,W,IMNAHA,2
666477,20,2025-05-13,32W,F,GRROND,2:0,25-70784,MY2025,192,U,JV,0.552,NA,NA,NA,AI,W,GRROND,2
666619,21,2025-05-23,32W,F,GRROND,2:0,25-70926,MY2025,223,U,JV,0.738,NA,NA,NA,AI,W,GRROND,2
666498,20,2025-05-14,32W,F,LOSALM,4:0,25-70805,MY2025,190,U,JV,0.744,NA,NA,NA,AI,W,SALMON,4
666534,20,2025-05-16,32W,M,SFCLWR,2:0,25-70841,MY2025,147,U,JV,0.995,NA,NA,NA,AI,W,CLRWTR,2
666531,20,2025-05-16,32W,F,GRROND,1:0,25-70838,MY2025,167,U,JV,0.667,NA,NA,NA,AI,W,GRROND,1
666644,22,2025-05-27,32W,M,UPSALM,2:0,25-70951,MY2025,191,U,JV,0.966,NA,NA,NA,AI,W,SALMON,2
666751,25,2025-06-18,32W,F,UPSALM,2:0,25-71058,MY2025,178,U,JV,0.355,NA,NA,NA,AI,W,SALMON,2
665794,15,2025-04-07,32W,F,GRROND,3:0,25-70100,MY2025,221,U,JV,0.913,NA,NA,NA,AI,W,GRROND,3
666321,19,2025-05-08,32W,F,UPCLWR,3:0,25-70628,MY2025,181,U,JV,0.999,NA,NA,NA,AI,W,CLRWTR,3
666235,19,2025-05-06,32W,M,GRROND,3:0,25-70542,MY2025,244,U,JV,0.774,NA,NA,NA,AI,W,GRROND,3
666740,24,2025-06-12,32W,F,GRROND,2:0,25-71047,MY2025,190,U,JV,0.855,NA,NA,NA,AI,W,GRROND,2
666576,21,2025-05-20,32W,F,LOCLWR,3:0,25-70883,MY2025,209,U,JV,0.598,NA,NA,NA,AI,W,CLRWTR,3
666605,21,2025-05-22,32W,F,UPCLWR,2:0,25-70912,MY2025,171,U,JV,0.999,NA,NA,NA,AI,W,CLRWTR,2
666614,21,2025-05-23,32W,F,GRROND,2:0,25-70921,MY2025,176,U,JV,0.808,NA,NA,NA,AI,W,GRROND,2
666749,25,2025-06-16,32W,M,GRROND,2:0,25-71056,MY2025,185,U,JV,0.508,NA,NA,NA,AI,W,GRROND,2
666461,20,2025-05-13,32W,F,GRROND,1:0,25-70768,MY2025,150,U,JV,0.719,NA,NA,NA,AI,W,GRROND,1
666585,21,2025-05-21,32W,M,GRROND,1:0,25-70892,MY2025,165,U,JV,0.491,NA,NA,NA,AI,W,GRROND,1
666744,24,2025-06-12,32W,M,UPSALM,1:0,25-71051,MY2025,195,U,JV,0.393,NA,NA,NA,AI,W,SALMON,1
666311,19,2025-05-08,32W,M,MFSALM,3:0,25-70618,MY2025,189,U,JV,0.999,NA,NA,NA,AI,W,SALMON,3
666527,20,2025-05-16,32W,M,UPSALM,2:0,25-70834,MY2025,153,U,JV,0.996,NA,NA,NA,AI,W,SALMON,2
666669,22,2025-05-29,32W,F,UPSALM,2:0,25-70976,MY2025,163,U,JV,0.501,NA,NA,NA,AI,W,SALMON,2
666482,20,2025-05-13,32W,M,SFCLWR,2:0,25-70789,MY2025,147,U,JV,0.926,NA,NA,NA,AI,W,CLRWTR,2
666050,18,2025-04-28,32W,M,IMNAHA,3:0,25-70357,MY2025,199,U,JV,0.556,NA,NA,NA,AI,W,IMNAHA,3
666689,22,2025-05-29,32W,F,UPCLWR,3:0,25-70996,MY2025,183,U,JV,0.999,NA,NA,NA,AI,W,CLRWTR,3
666674,22,2025-05-29,32W,F,GRROND,2:0,25-70981,MY2025,195,U,JV,0.925,NA,NA,NA,AI,W,GRROND,2
666698,22,2025-05-30,32W,F,GRROND,1:0,25-71005,MY2025,166,U,JV,0.7,NA,NA,NA,AI,W,GRROND,1
666717,23,2025-06-02,32W,M,UPSALM,1:0,25-71024,MY2025,177,U,JV,0.985,NA,NA,NA,AI,W,SALMON,1
666715,23,2025-06-02,32W,M,UPSALM,2:0,25-71022,MY2025,179,U,JV,0.749,NA,NA,NA,AI,W,SALMON,2
665943,16,2025-04-17,32W,F,UPCLWR,2:0,25-70250,MY2025,174,U,JV,0.999,NA,NA,NA,AI,W,CLRWTR,2
666492,20,2025-05-14,32W,F,SFCLWR,2:0,25-70799,MY2025,145,U,JV,0.672,NA,NA,NA,AI,W,CLRWTR,2
666742,24,2025-06-12,32W,F,UPSALM,2:0,25-71049,MY2025,211,U,JV,0.702,NA,NA,NA,AI,W,SALMON,2
666447,20,2025-05-13,32W,F,GRROND,2:0,25-70754,MY2025,149,U,JV,0.782,NA,NA,NA,AI,W,GRROND,2
666459,20,2025-05-13,32W,M,MFSALM,3:0,25-70766,MY2025,181,U,JV,0.994,NA,NA,NA,AI,W,SALMON,3
666723,23,2025-06-03,32W,F,GRROND,1:0,25-71030,MY2025,199,U,JV,0.993,NA,NA,NA,AI,W,GRROND,1
666603,21,2025-05-22,32W,F,IMNAHA,2:0,25-70910,MY2025,162,U,JV,0.94,NA,NA,NA,AI,W,IMNAHA,2
666121,18,2025-05-01,32W,F,IMNAHA,N:A,25-70428,MY2025,196,U,JV,0.88,NA,NA,NA,AI,W,IMNAHA,NA
666728,23,2025-06-06,32W,M,UPSALM,3:0,25-71035,MY2025,191,U,JV,0.965,NA,NA,NA,AI,W,SALMON,3
666487,20,2025-05-13,32W,F,GRROND,2:0,25-70794,MY2025,166,U,JV,0.497,NA,NA,NA,AI,W,GRROND,2
666596,21,2025-05-21,32W,M,UPSALM,2:0,25-70903,MY2025,166,U,JV,0.5,NA,NA,NA,AI,W,SALMON,2
666589,21,2025-05-21,32W,F,SFSALM,4:0,25-70896,MY2025,198,U,JV,0.997,NA,NA,NA,AI,W,SALMON,4
666591,21,2025-05-21,32W,F,GRROND,2:0,25-70898,MY2025,184,U,JV,0.747,NA,NA,NA,AI,W,GRROND,2
666548,21,2025-05-19,32W,F,GRROND,1:0,25-70855,MY2025,166,U,JV,0.615,NA,NA,NA,AI,W,GRROND,1
666722,23,2025-06-03,32W,F,UPSALM,3:0,25-71029,MY2025,218,U,JV,0.855,NA,NA,NA,AI,W,SALMON,3
666112,18,2025-05-01,32W,F,SFSALM,3:0,25-70419,MY2025,183,U,JV,0.991,NA,NA,NA,AI,W,SALMON,3
666662,22,2025-05-28,32W,F,LOCLWR,2:0,25-70969,MY2025,192,U,JV,0.349,NA,NA,NA,AI,W,CLRWTR,2
666520,20,2025-05-15,32W,F,LSNAKE,1:0,25-70827,MY2025,185,U,JV,0.372,NA,NA,NA,AI,W,LSNAKE,1
666620,21,2025-05-23,32W,M,IMNAHA,2:0,25-70927,MY2025,156,U,JV,0.644,NA,NA,NA,AI,W,IMNAHA,2
666570,21,2025-05-20,32W,M,GRROND,2:0,25-70877,MY2025,156,U,JV,0.931,NA,NA,NA,AI,W,GRROND,2
666579,21,2025-05-20,32W,M,LSNAKE,1:0,25-70886,MY2025,170,U,JV,0.34,NA,NA,NA,AI,W,LSNAKE,1
666735,24,2025-06-11,32W,F,SFCLWR,2:0,25-71042,MY2025,182,U,JV,0.991,NA,NA,NA,AI,W,CLRWTR,2
666530,20,2025-05-16,32W,F,GRROND,2:0,25-70837,MY2025,157,U,JV,0.569,NA,NA,NA,AI,W,GRROND,2
666553,21,2025-05-19,32W,M,GRROND,2:0,25-70860,MY2025,175,U,JV,0.469,NA,NA,NA,AI,W,GRROND,2
666370,20,2025-05-12,32W,M,LSNAKE,2:0,25-70677,MY2025,201,U,JV,0.327,NA,NA,NA,AI,W,LSNAKE,2
666372,20,2025-05-12,32W,F,MFSALM,3:0,25-70679,MY2025,170,U,JV,0.998,NA,NA,NA,AI,W,SALMON,3
666629,22,2025-05-26,32W,F,GRROND,2:0,25-70936,MY2025,170,U,JV,0.651,NA,NA,NA,AI,W,GRROND,2
666747,24,2025-06-13,32W,F,IMNAHA,3:0,25-71054,MY2025,222,U,JV,0.636,NA,NA,NA,AI,W,IMNAHA,3
665777,14,2025-04-03,32W,M,UPCLWR,2:0,25-70083,MY2025,194,U,JV,0.997,NA,NA,NA,AI,W,CLRWTR,2
666440,20,2025-05-13,32W,F,GRROND,2:0,25-70747,MY2025,148,U,JV,0.59,NA,NA,NA,AI,W,GRROND,2
666573,21,2025-05-20,32W,F,GRROND,1:0,25-70880,MY2025,201,U,JV,0.698,NA,NA,NA,AI,W,GRROND,1
665823,15,2025-04-09,32W,M,GRROND,2:0,25-70129,MY2025,155,U,JV,0.887,NA,NA,NA,AI,W,GRROND,2
666051,18,2025-04-28,32W,F,SFCLWR,3:0,25-70358,MY2025,180,U,JV,0.999,NA,NA,NA,AI,W,CLRWTR,3
666469,20,2025-05-13,32W,F,MFSALM,3:0,25-70776,MY2025,173,U,JV,0.737,NA,NA,NA,AI,W,SALMON,3
666670,22,2025-05-29,32W,F,SFCLWR,2:0,25-70977,MY2025,148,U,JV,0.998,NA,NA,NA,AI,W,CLRWTR,2
665961,16,2025-04-18,32W,M,UPSALM,3:0,25-70268,MY2025,192,U,JV,0.898,NA,NA,NA,AI,W,SALMON,3
666622,21,2025-05-23,32W,F,GRROND,3:0,25-70929,MY2025,184,U,JV,0.971,NA,NA,NA,AI,W,GRROND,3
666699,22,2025-05-30,32W,F,LOCLWR,2:0,25-71006,MY2025,144,U,JV,0.878,NA,NA,NA,AI,W,CLRWTR,2
666732,24,2025-06-10,32W,F,IMNAHA,1:0,25-71039,MY2025,175,U,JV,0.422,NA,NA,NA,AI,W,IMNAHA,1
666484,20,2025-05-13,32W,F,MFSALM,2:0,25-70791,MY2025,155,U,JV,0.926,NA,NA,NA,AI,W,SALMON,2
665776,14,2025-04-03,32W,M,UPCLWR,2:0,25-70082,MY2025,148,U,JV,0.722,NA,NA,NA,AI,W,CLRWTR,2
666335,19,2025-05-09,32W,F,GRROND,2:0,25-70642,MY2025,161,U,JV,0.69,NA,NA,NA,AI,W,GRROND,2
666441,20,2025-05-13,32W,M,IMNAHA,3:0,25-70748,MY2025,159,U,JV,0.58,NA,NA,NA,AI,W,IMNAHA,3
666612,21,2025-05-23,32W,M,GRROND,2:0,25-70919,MY2025,209,U,JV,0.923,NA,NA,NA,AI,W,GRROND,2
666442,20,2025-05-13,32W,M,UPSALM,2:0,25-70749,MY2025,157,U,JV,0.916,NA,NA,NA,AI,W,SALMON,2
666380,20,2025-05-12,32W,F,SFCLWR,2:0,25-70687,MY2025,194,U,JV,0.758,NA,NA,NA,AI,W,CLRWTR,2
666224,19,2025-05-06,32W,F,UPCLWR,2:0,25-70531,MY2025,169,U,JV,0.995,NA,NA,NA,AI,W,CLRWTR,2
666256,19,2025-05-07,32W,M,SFCLWR,2:0,25-70563,MY2025,175,U,JV,0.998,NA,NA,NA,AI,W,CLRWTR,2
666700,22,2025-05-30,32W,F,UPSALM,2:0,25-71007,MY2025,185,U,JV,0.404,NA,NA,NA,AI,W,SALMON,2
666738,24,2025-06-12,32W,F,UPSALM,2:0,25-71045,MY2025,245,U,JV,0.993,NA,NA,NA,AI,W,SALMON,2
666720,23,2025-06-02,32W,F,LSNAKE,1:0,25-71027,MY2025,190,U,JV,0.576,NA,NA,NA,AI,W,LSNAKE,1
665784,14,2025-04-03,32W,M,GRROND,2:0,25-70090,MY2025,187,U,JV,0.536,NA,NA,NA,AI,W,GRROND,2
665711,13,2025-03-27,32W,F,SFCLWR,2:0,25-70017,MY2025,217,U,JV,0.98,NA,NA,NA,AI,W,CLRWTR,2
665756,14,2025-04-02,32W,M,GRROND,2:0,25-70062,MY2025,186,U,JV,0.737,NA,NA,NA,AI,W,GRROND,2
666056,18,2025-04-29,32W,F,UPCLWR,3:0,25-70363,MY2025,173,U,JV,0.963,NA,NA,NA,AI,W,CLRWTR,3
666577,21,2025-05-20,32W,F,GRROND,2:0,25-70884,MY2025,159,U,JV,0.652,NA,NA,NA,AI,W,GRROND,2
666574,21,2025-05-20,32W,F,SFCLWR,2:0,25-70881,MY2025,165,U,JV,0.981,NA,NA,NA,AI,W,CLRWTR,2
666581,21,2025-05-20,32W,M,LSNAKE,2:0,25-70888,MY2025,177,U,JV,0.979,NA,NA,NA,AI,W,LSNAKE,2
666575,21,2025-05-20,32W,F,LSNAKE,3:0,25-70882,MY2025,205,U,JV,0.596,NA,NA,NA,AI,W,LSNAKE,3
666727,23,2025-06-05,32W,M,UPSALM,1:0,25-71034,MY2025,181,U,JV,0.52,NA,NA,NA,AI,W,SALMON,1
666578,21,2025-05-20,32W,F,UPCLWR,3:0,25-70885,MY2025,172,U,JV,0.998,NA,NA,NA,AI,W,CLRWTR,3
666294,19,2025-05-08,32W,F,LSNAKE,2:0,25-70601,MY2025,155,U,JV,0.734,NA,NA,NA,AI,W,LSNAKE,2
666286,19,2025-05-07,32W,M,IMNAHA,2:0,25-70593,MY2025,178,U,JV,0.361,NA,NA,NA,AI,W,IMNAHA,2
666572,21,2025-05-20,32W,F,IMNAHA,1:0,25-70879,MY2025,160,U,JV,0.637,NA,NA,NA,AI,W,IMNAHA,1
666367,20,2025-05-12,32W,F,GRROND,2:0,25-70674,MY2025,195,U,JV,0.965,NA,NA,NA,AI,W,GRROND,2
665816,15,2025-04-08,32W,F,SFCLWR,2:0,25-70122,MY2025,209,U,JV,0.991,NA,NA,NA,AI,W,CLRWTR,2
665778,14,2025-04-03,32W,M,SFCLWR,3:0,25-70084,MY2025,204,U,JV,0.701,NA,NA,NA,AI,W,CLRWTR,3
666737,24,2025-06-12,32W,F,UPSALM,1:0,25-71044,MY2025,180,U,JV,0.986,NA,NA,NA,AI,W,SALMON,1
666569,21,2025-05-20,32W,F,LSNAKE,2:0,25-70876,MY2025,150,U,JV,0.562,NA,NA,NA,AI,W,LSNAKE,2
666730,24,2025-06-09,32W,F,GRROND,2:0,25-71037,MY2025,168,U,JV,0.908,NA,NA,NA,AI,W,GRROND,2
666621,21,2025-05-23,32W,F,GRROND,2:0,25-70928,MY2025,177,U,JV,0.756,NA,NA,NA,AI,W,GRROND,2
666091,18,2025-04-30,32W,F,SFCLWR,3:0,25-70398,MY2025,191,U,JV,0.486,NA,NA,NA,AI,W,CLRWTR,3
666162,18,2025-05-02,32W,F,UPCLWR,2:0,25-70469,MY2025,180,U,JV,0.999,NA,NA,NA,AI,W,CLRWTR,2
665826,15,2025-04-10,32W,F,LSNAKE,2:0,25-70132,MY2025,173,U,JV,0.695,NA,NA,NA,AI,W,LSNAKE,2
665844,15,2025-04-11,32W,M,LSNAKE,2:0,25-70150,MY2025,156,U,JV,0.631,NA,NA,NA,AI,W,LSNAKE,2
666087,18,2025-04-30,32W,F,UPCLWR,N:A,25-70394,MY2025,177,U,JV,0.979,NA,NA,NA,AI,W,CLRWTR,NA
666547,21,2025-05-19,32W,F,GRROND,1:0,25-70854,MY2025,147,U,JV,0.618,NA,NA,NA,AI,W,GRROND,1
666266,19,2025-05-07,32W,F,SFCLWR,2:0,25-70573,MY2025,153,U,JV,0.493,NA,NA,NA,AI,W,CLRWTR,2
666297,19,2025-05-08,32W,M,UPSALM,3:0,25-70604,MY2025,190,U,JV,0.457,NA,NA,NA,AI,W,SALMON,3
666592,21,2025-05-21,32W,F,UPCLWR,1:0,25-70899,MY2025,162,U,JV,0.516,NA,NA,NA,AI,W,CLRWTR,1
